iteration,Train/mean_reward,Train/mean_episode_length,Train/mean_step_reward,Episode_Termination/time_out,Episode_Termination/fell_over,Metrics/twist/error_vel_xy,Metrics/twist/error_vel_yaw,Loss/value,Loss/surrogate,Loss/entropy,Loss/learning_rate,Loss/kl,Policy/mean_std,Perf/total_fps,Perf/collection_time,Perf/learning_time,Curriculum/action_rate_weight,Curriculum/standing_envs,time_s,env_steps,Episode_Reward/track_linear_velocity,Episode_Reward/track_angular_velocity,Episode_Reward/upright,Episode_Reward/pose,Episode_Reward/action_rate_l2
1,nan,nan,0.0900802,0,0,0.147218,0.352498,0.698279,8.97824e-08,-15.9056,1e-05,0,0.1,14094.7,0.58,0.291814,-1,0.2,0.872265,12288,nan,nan,nan,nan,nan
2,-2.51585,44.1481,0.0631721,0,1.125,0.151332,0.707161,0.979013,-1.04774e-08,-15.9056,1e-05,0,0.1,13484.4,0.66086,0.250416,-1,0.2,1.78524,24576,0.0585513,0.0216325,0.0808956,0.0172122,-0.304084
3,-2.96854,60.5625,0.072838,0,2,0.139357,0.563717,0.936148,5.70843e-08,-15.9056,1e-05,0,0.1,12887.6,0.706402,0.247076,-1,0.2,2.73993,36864,0.0809438,0.0334413,0.112401,0.0223979,-0.397611
4,-1.68897,85.4091,0.077572,0,0.916667,0.129018,0.502286,0.947082,3.3743e-08,-15.9056,1e-05,0,0.1,12544.1,0.730537,0.249046,-1,0.2,3.72076,49152,0.124339,0.0655653,0.159382,0.0367867,-0.470521
5,-0.418813,90.5294,0.0749639,0,1.41667,0.130326,0.552238,0.985582,1.59351e-08,-15.9056,1e-05,0,0.1,11462.5,0.80902,0.262997,-1,0.2,4.79422,61440,0.135593,0.0696635,0.169983,0.0407726,-0.436953
6,1.19233,109.9,0.0794906,0,1.25,0.124857,0.519461,0.842003,-2.15252e-08,-15.9056,1e-05,0,0.1,10825,0.856174,0.278975,-1,0.2,5.93059,73728,0.174673,0.0963956,0.207624,0.0521935,-0.47127
7,3.53895,125,0.0786792,0,1.25,0.126855,0.529011,0.875917,1.76791e-08,-15.9056,1e-05,0,0.1,8610.38,0.979189,0.447925,-1,0.2,7.35891,86016,0.20016,0.115591,0.238328,0.0607262,-0.437858
8,2.94981,143.821,0.0748972,0,1.16667,0.124309,0.539228,0.971971,7.11564e-08,-15.9056,1e-05,0,0.1,8239.52,1.09069,0.40066,-1,0.2,8.85221,98304,0.232456,0.13219,0.273356,0.0681739,-0.558686
9,4.7456,163.632,0.0795946,0,1.58333,0.123965,0.508548,0.832697,-5.72734e-08,-15.9056,1e-05,0,0.1,8590.13,1.05436,0.376121,-1,0.2,10.2843,110592,0.265342,0.158904,0.312952,0.0782705,-0.578188
10,5.75438,158.581,0.0815305,0,1.29167,0.117883,0.500356,0.868804,-1.31003e-08,-15.9056,1e-05,0,0.1,8033.38,1.17607,0.353549,-1,0.2,11.8161,122880,0.259335,0.156806,0.302399,0.0793995,-0.51022
11,5.48775,167.407,0.0840657,0,1.125,0.113004,0.475907,0.846189,-0.0142769,-15.9049,1e-05,0.04219,0.100009,10530.6,0.909253,0.257631,-1,0.2,12.9847,135168,0.276386,0.162158,0.318323,0.082692,-0.565172
12,7.75003,177.783,0.0840542,0,0.958333,0.11665,0.442757,0.855343,-0.0115996,-15.9031,1e-05,0.0236951,0.100019,11823.8,0.78079,0.258472,-1,0.2,14.0252,147456,0.299511,0.189087,0.33984,0.094091,-0.535027
13,8.87786,195.194,0.0861291,0,1.29167,0.110061,0.439266,0.826787,-0.010554,-15.9015,1e-05,0.0199281,0.100028,7942.41,1.13026,0.416875,-1,0.2,15.5736,159744,0.324912,0.209118,0.374182,0.104043,-0.568362
14,6.78033,181.769,0.0867085,0,1.08333,0.111452,0.430348,0.890659,-0.00997217,-15.8998,1e-05,0.0227079,0.100038,8265.78,1.10159,0.385017,-1,0.2,17.0616,172032,0.304143,0.178314,0.348494,0.0910005,-0.582935
15,8.76589,202.19,0.0904644,0,0.875,0.102769,0.399694,0.85109,-0.0110674,-15.8981,1e-05,0.0239211,0.100045,7249.45,1.24623,0.448797,-1,0.2,18.7579,184320,0.334928,0.205919,0.387435,0.10446,-0.594447
16,11.8304,230.043,0.0924679,0,0.958333,0.102709,0.386699,0.849934,-0.0112383,-15.897,1e-05,0.0251709,0.100052,9437.49,0.994735,0.307306,-1,0.2,20.0613,196608,0.396521,0.250285,0.442122,0.125646,-0.623056
17,8.292,172.353,0.0914905,0,0.708333,0.097331,0.356355,0.905068,-0.01151,-15.8957,1e-05,0.0282452,0.100058,10802.6,0.874263,0.263245,-1,0.2,21.2,208896,0.289878,0.1889,0.329701,0.0927558,-0.486635
18,10.0304,228.524,0.0931186,0,0.875,0.0987998,0.363233,0.89977,-0.0116993,-15.8947,1e-05,0.0179045,0.100064,10564.8,0.839489,0.323618,-1,0.2,22.3644,221184,0.381623,0.260132,0.438974,0.121387,-0.700595
19,10.1759,213,0.0958534,0,0.5,0.0910757,0.333933,0.850389,-0.0112928,-15.8934,1e-05,0.0244657,0.100073,11709,0.771445,0.278001,-1,0.2,23.4153,233472,0.358241,0.231595,0.411401,0.115223,-0.607665
20,16.7652,308.062,0.0911558,0,0.666667,0.0988934,0.375208,0.979267,-0.011646,-15.8915,1e-05,0.0251767,0.100084,12402.7,0.726938,0.263813,-1,0.2,24.4073,245760,0.519031,0.337097,0.591927,0.157536,-0.767334
21,10.9238,218.778,0.093118,0,0.75,0.0940016,0.34656,0.91465,-0.0115817,-15.8898,1e-05,0.0345928,0.100093,11979.9,0.73754,0.288176,-1,0.2,25.4342,258048,0.371657,0.246558,0.420908,0.119481,-0.612417
22,13.6481,278.062,0.0951308,0,0.666667,0.0906028,0.342409,0.841404,-0.0105279,-15.8882,1e-05,0.0222959,0.100101,10778.7,0.82631,0.313718,-1,0.2,26.5762,270336,0.475642,0.317184,0.535759,0.147641,-0.793819
23,16.2578,271.625,0.0970192,0,0.666667,0.090382,0.318362,0.846736,-0.0119246,-15.8869,1e-05,0.0211542,0.100108,12306.1,0.725384,0.273148,-1,0.2,27.576,282624,0.474714,0.31721,0.524139,0.1553,-0.658475
24,12.9688,236.5,0.100572,0,0.333333,0.0866911,0.272889,0.762022,-0.0103622,-15.8858,1e-05,0.0226119,0.100113,11200.6,0.796603,0.300484,-1,0.2,28.6744,294912,0.410356,0.273747,0.45669,0.132714,-0.625065
25,20.5849,321.786,0.0971334,0,0.583333,0.0898843,0.341766,0.781455,-0.0131952,-15.8847,1e-05,0.01859,0.100119,11835.3,0.741508,0.296742,-1,0.2,29.7138,307200,0.548833,0.383384,0.62114,0.18721,-0.711321
26,24.842,389.2,0.0970222,0,0.833333,0.093548,0.336979,0.773809,-0.0110707,-15.8836,1e-05,0.0198896,0.100126,11588.8,0.779732,0.280598,-1,0.2,30.7756,319488,0.671881,0.458198,0.752251,0.219127,-0.859358
27,13.4882,259.111,0.0978978,0,0.375,0.0890201,0.320392,0.825652,-0.0103287,-15.8824,1e-05,0.0237049,0.100133,12908.4,0.683249,0.268688,-1,0.2,31.7287,331776,0.44327,0.287471,0.498819,0.137861,-0.693013
28,11.8839,255,0.0982272,0,0.5,0.0876613,0.30704,0.752221,-0.0103354,-15.8811,1e-05,0.0237983,0.10014,12360.5,0.701571,0.292565,-1,0.2,32.724,344064,0.430656,0.272656,0.489141,0.134087,-0.732343
29,20.4708,330,0.0982916,0,0.583333,0.0858838,0.316154,0.762058,-0.0103796,-15.8799,1e-05,0.0327497,0.100147,10873.3,0.826212,0.303899,-1,0.2,33.8553,356352,0.574425,0.380614,0.634973,0.176242,-0.742716
30,9.96392,214.5,0.101574,0,0.583333,0.0841231,0.282767,0.742649,-0.0106167,-15.8787,1e-05,0.0186987,0.100154,9524.77,0.936265,0.353845,-1,0.2,35.1468,368640,0.355534,0.223078,0.410608,0.10684,-0.597865
31,12.6733,239,0.102719,0,0.375,0.0806654,0.264377,0.671888,-0.00988917,-15.8772,1e-05,0.0224486,0.100163,12637.6,0.698275,0.274065,-1,0.2,36.1209,380928,0.400456,0.254244,0.457755,0.116304,-0.595095
32,29.6372,422.111,0.102802,0,0.375,0.0810652,0.264892,0.716589,-0.0107071,-15.8756,1e-05,0.0149323,0.10017,13111.5,0.660732,0.27646,-1,0.2,37.0593,393216,0.733797,0.539518,0.814105,0.237677,-0.843236
33,22.4945,369.8,0.102331,0,0.416667,0.0800484,0.277425,0.712947,-0.00876897,-15.8746,1e-05,0.0222791,0.100176,11877.5,0.730082,0.304478,-1,0.2,38.095,405504,0.636791,0.431627,0.713003,0.198776,-0.855471
34,27.7589,392.429,0.103551,0,0.291667,0.0776473,0.242756,0.703352,-0.0102444,-15.8733,1e-05,0.0222386,0.100184,12082.4,0.701172,0.315845,-1,0.2,39.1133,417792,0.700826,0.505082,0.762702,0.228645,-0.80931
35,21.533,335.778,0.102158,0,0.375,0.0796643,0.260494,0.729647,-0.00987903,-15.872,1e-05,0.019779,0.10019,10494.5,0.882997,0.287904,-1,0.2,40.2854,430080,0.586148,0.412835,0.647165,0.189062,-0.758559
36,15.9921,252.077,0.103722,0,0.541667,0.0793619,0.267007,0.669072,-0.011364,-15.871,1e-05,0.0193267,0.100196,11192.6,0.813333,0.284535,-1,0.2,41.3849,442368,0.426538,0.306166,0.485523,0.145841,-0.564466
37,22.8396,348.2,0.102569,0,0.208333,0.0780701,0.267547,0.690303,-0.0111453,-15.87,1e-05,0.0214438,0.100202,13350.9,0.64801,0.272379,-1,0.2,42.3066,454656,0.601304,0.398656,0.678171,0.184102,-0.720255
38,26.8193,411.846,0.102739,0,0.541667,0.0775464,0.263093,0.670383,-0.0104509,-15.8685,1e-05,0.0213537,0.100213,13073.9,0.667919,0.271966,-1,0.2,43.2477,466944,0.726521,0.482539,0.798765,0.231772,-0.898634
39,19.8079,342.429,0.103519,0,0.291667,0.0768612,0.2502,0.674774,-0.00983662,-15.8666,1e-05,0.0215372,0.100222,13044.5,0.671161,0.270847,-1,0.2,44.1909,479232,0.581799,0.367131,0.663221,0.17473,-0.796486
40,33.1247,493.667,0.105252,0,0.25,0.0764513,0.258595,0.66686,-0.0102514,-15.8652,1e-05,0.0200387,0.10023,9423.21,0.883624,0.420391,-1,0.2,45.4961,491520,0.854719,0.613733,0.953849,0.265006,-1.03107
41,24.6054,388.4,0.103766,0,0.416667,0.0751817,0.254292,0.677274,-0.00894195,-15.8636,1e-05,0.0170544,0.100239,8709.29,1.0141,0.396807,-1,0.2,46.9089,503808,0.684694,0.456533,0.751647,0.209691,-0.872297
42,112.175,980.342,0.098843,7.75,0.291667,0.0880967,0.300386,0.773266,-0.0107543,-15.8618,1e-05,0.0138443,0.100249,7205.97,1.27417,0.431086,-1,0.2,48.6158,516096,1.9049,1.72269,1.9185,0.79612,-0.733445
43,23.9936,335.417,0.0933847,0,0.5,0.112304,0.364412,0.803477,-0.0115836,-15.8604,1e-05,0.020304,0.100255,9106.2,0.927303,0.422108,-1,0.2,49.9666,528384,0.590891,0.424466,0.646248,0.197298,-0.659224
44,52.2477,520.286,0.0905362,0.625,0.833333,0.103904,0.385606,0.893017,-0.0129361,-15.8593,1e-05,0.0178338,0.100261,8318.85,1.08586,0.391271,-1,0.2,51.4451,540672,0.988253,0.840241,1.01411,0.393515,-0.623737
45,40.9092,450.826,0.0882908,0.291667,0.666667,0.105987,0.394295,0.939648,-0.0104105,-15.8581,1e-05,0.0223289,0.100269,10051,0.843947,0.378616,-1,0.2,52.6692,552960,0.836176,0.690356,0.877313,0.316913,-0.675299
46,39.1535,393.724,0.0829121,0.375,0.833333,0.111653,0.471607,1.40249,-0.0102944,-15.8566,1e-05,0.0270936,0.100277,8718.27,0.977658,0.431795,-1,0.2,54.0801,565248,0.746688,0.644245,0.766145,0.301763,-0.501167
47,37.5496,413.814,0.0865955,0.375,1.41667,0.104504,0.443061,1.10767,-0.010713,-15.8554,1e-05,0.0137406,0.100282,8549.73,1.08206,0.355174,-1,0.2,55.5187,577536,0.767853,0.644132,0.80358,0.309286,-0.647372
48,53.4761,506.645,0.0912114,0.541667,0.75,0.105737,0.382827,0.955177,-0.00978912,-15.8543,1e-05,0.0152632,0.10029,8255.59,1.07179,0.416655,-1,0.2,57.0084,589824,0.967463,0.856009,0.988363,0.408854,-0.546884
49,22.3144,316.3,0.088892,0.125,0.708333,0.107143,0.379668,0.995181,-0.0123858,-15.8528,1e-05,0.0231391,0.100297,9864.03,0.878028,0.36771,-1,0.2,58.2557,602112,0.563624,0.40503,0.612261,0.177501,-0.642698
50,26.9297,388.419,0.0854697,0.208333,1.08333,0.108173,0.427852,1.17167,-0.0112245,-15.8519,1e-05,0.0219456,0.100301,8552.74,1.05676,0.379975,-1,0.2,59.6938,614400,0.684158,0.490901,0.751864,0.218488,-0.798926
51,49.0284,541.481,0.0913852,0.375,0.75,0.103457,0.369485,0.892978,-0.0101182,-15.851,1e-05,0.0161406,0.100308,8824.02,0.990824,0.401739,-1,0.2,61.0879,626688,0.996464,0.82057,1.05131,0.38169,-0.798607
52,43.1002,463.742,0.0932026,0.416667,0.875,0.0990898,0.345802,0.926208,-0.0102264,-15.8496,1e-05,0.01451,0.100315,9292.56,0.959915,0.362434,-1,0.2,62.4117,638976,0.860995,0.704239,0.901332,0.335352,-0.646908
53,40.3955,426.381,0.0975053,0.25,0.625,0.0962153,0.314984,0.694845,-0.0112858,-15.8482,1e-05,0.0231206,0.100324,7491.42,1.13346,0.506822,-1,0.2,64.0535,651264,0.790652,0.654265,0.828593,0.316263,-0.569998
54,49.0269,544.36,0.0937079,0.416667,0.625,0.0952888,0.36206,1.01872,-0.0103784,-15.8467,1e-05,0.0214961,0.100332,7558.31,1.12483,0.500934,-1,0.2,65.6806,663552,0.999404,0.800256,1.05989,0.355901,-0.764107
55,52.2207,523.15,0.0947646,0.333333,0.5,0.0979371,0.303529,0.814761,-0.0107701,-15.8452,1e-05,0.0190937,0.100342,8561.18,0.918653,0.516663,-1,0.2,67.1177,675840,0.987867,0.852447,1.01941,0.39301,-0.641695
56,71.1314,697.267,0.0961824,0.708333,0.541667,0.0973437,0.325589,0.896176,-0.011138,-15.8434,1e-05,0.0224226,0.10035,7716.49,1.15387,0.438568,-1,0.2,68.7117,688128,1.31415,1.12058,1.35954,0.525212,-0.762912
57,52.0764,543.045,0.0943707,0.333333,0.583333,0.0959781,0.333013,1.10753,-0.0118961,-15.842,1e-05,0.0187861,0.100358,7437.37,1.19663,0.45557,-1,0.2,70.3656,700416,1.0114,0.84656,1.05524,0.401602,-0.710983
58,51.8203,523.167,0.0961459,0.5,0.75,0.0975924,0.332866,0.985778,-0.0100989,-15.8405,1e-05,0.0181282,0.100366,8594.06,1.10692,0.3229,-1,0.2,71.7969,712704,0.985207,0.827748,1.01871,0.387791,-0.628442
59,37.1457,402.722,0.0946465,0.166667,0.583333,0.0957567,0.342325,0.957486,-0.00998593,-15.8393,1e-05,0.0132935,0.100372,9097.53,0.903452,0.447244,-1,0.2,73.149,724992,0.746325,0.613834,0.782409,0.295916,-0.581198
60,42.529,446.25,0.0943926,0.291667,0.708333,0.0943414,0.358689,1.21313,-0.0111769,-15.8383,1e-05,0.0203243,0.100379,8181.6,1.11961,0.382296,-1,0.2,74.6522,737280,0.831295,0.68541,0.864856,0.329935,-0.585045
61,27.2726,355.68,0.0944513,0.125,0.916667,0.0940413,0.329673,1.12144,-0.0110923,-15.837,1e-05,0.0177784,0.100385,8323.13,1.11677,0.359602,-1,0.2,76.1299,749568,0.642036,0.485457,0.688193,0.239713,-0.691768
62,54.2342,588,0.099625,0.416667,0.625,0.0877689,0.286061,0.874949,-0.011671,-15.836,1e-05,0.0126614,0.100391,7912.02,0.947654,0.605426,-1,0.2,77.6844,761856,1.08974,0.869016,1.14601,0.398204,-0.791261
63,52.4715,530.3,0.100324,0.125,0.291667,0.0883059,0.26777,0.902674,-0.0118099,-15.8348,1e-05,0.0132146,0.100396,7801.43,1.08659,0.488502,-1,0.2,79.2615,774144,0.994868,0.847692,1.03094,0.413519,-0.663448
64,29.936,364.462,0.0981553,0.125,0.416667,0.0892675,0.300651,1.15952,-0.0107637,-15.8341,1e-05,0.0100215,0.100401,7182.51,1.17728,0.533541,-1,0.2,80.9741,786432,0.657229,0.508066,0.706528,0.236193,-0.611214
65,61.1579,615.368,0.0989613,0.333333,0.458333,0.0891491,0.288448,0.936393,-0.0106709,-15.8331,1e-05,0.0148665,0.100408,10058.3,0.91576,0.30592,-1,0.2,82.1975,798720,1.16375,1.00258,1.197,0.453566,-0.758991
66,12.8718,234.533,0.0973524,0,0.625,0.0893117,0.322454,1.06761,-0.0105263,-15.8315,1e-05,0.0110091,0.100417,9392.01,0.912661,0.395686,-1,0.2,83.5071,811008,0.400899,0.265281,0.449541,0.132724,-0.604856
67,55.8439,573.308,0.099582,0.208333,0.333333,0.0849049,0.267498,0.859033,-0.0106322,-15.8301,1e-05,0.0125365,0.100425,9122.47,0.926633,0.42037,-1,0.2,84.8558,823296,1.07319,0.896418,1.11383,0.43725,-0.728492
68,51.8252,548.812,0.100279,0.291667,0.375,0.0866963,0.258292,0.908894,-0.00963149,-15.8288,1e-05,0.0219124,0.100431,8907.74,0.997828,0.381646,-1,0.2,86.2368,835584,1.03254,0.847452,1.06778,0.3852,-0.741706
69,36.2114,398.583,0.0995167,0.0833333,0.416667,0.0865546,0.296245,1.06171,-0.0110947,-15.8278,1e-05,0.0209012,0.100437,10941,0.779066,0.34405,-1,0.2,87.3612,847872,0.732742,0.621176,0.771752,0.291882,-0.606982
70,31.9474,395.643,0.101139,0.0833333,0.5,0.0842263,0.273106,0.950192,-0.0114897,-15.8266,1e-05,0.0113664,0.100444,8752.51,0.942056,0.461884,-1,0.2,88.7664,860160,0.708147,0.504262,0.763904,0.245736,-0.624681
71,58.6502,592.882,0.0998969,0.25,0.458333,0.084546,0.272276,1.00836,-0.0118567,-15.8253,1e-05,0.0158526,0.100451,8794.17,0.981651,0.415639,-1,0.2,90.1653,872448,1.11683,0.942782,1.15233,0.447138,-0.72657
72,46.0977,554.562,0.0996384,0.166667,0.5,0.0866884,0.296577,0.902691,-0.0119679,-15.8244,1e-05,0.0176835,0.100453,10054.7,0.874267,0.347844,-1,0.2,91.3888,884736,1.00524,0.757527,1.07391,0.357239,-0.889025
73,28.6914,365.833,0.101395,0.0833333,0.416667,0.084014,0.262504,0.730223,-0.0103027,-15.824,1e-05,0.0117709,0.100457,9601.66,0.918875,0.360904,-1,0.2,92.6698,897024,0.659468,0.511364,0.708038,0.233388,-0.67769
74,36.4887,458.9,0.100183,0.125,0.291667,0.0834439,0.276013,1.05886,-0.00975626,-15.823,1e-05,0.015051,0.100465,9272.49,0.909246,0.415965,-1,0.2,93.9962,909312,0.835778,0.644856,0.892466,0.257702,-0.806368
75,43.5161,504.2,0.101192,0.125,0.5,0.0815154,0.257742,0.956098,-0.0112105,-15.8214,1e-05,0.0111952,0.100473,9661.92,0.925157,0.34664,-1,0.2,95.2694,921600,0.933086,0.717285,0.978912,0.360148,-0.813628
76,32.0732,434,0.101647,0.0833333,0.208333,0.0822723,0.254666,1.16469,-0.0105311,-15.8201,1e-05,0.0231169,0.10048,9963.42,0.83171,0.401602,-1,0.2,96.504,933888,0.768789,0.589306,0.838408,0.243954,-0.836798
77,29.6155,403.8,0.102062,0.125,0.708333,0.0819609,0.264351,0.720799,-0.00956543,-15.8188,1e-05,0.0104171,0.100487,9375.26,0.893596,0.417087,-1,0.2,97.8162,946176,0.721565,0.503671,0.783226,0.246685,-0.774369
78,78.9603,738.25,0.103266,0.208333,0.125,0.0767397,0.245755,0.858407,-0.0115455,-15.8174,1e-05,0.0214853,0.100496,9177.6,1.00343,0.335486,-1,0.2,99.1568,958464,1.41598,1.20416,1.43351,0.599191,-0.704823
79,48.1623,580.8,0.101401,0.25,0.375,0.080712,0.256389,1.09018,-0.0102181,-15.8156,1e-05,0.0160658,0.100506,9535.08,0.904774,0.383941,-1,0.2,100.447,970752,1.05051,0.76301,1.12772,0.361123,-0.894247
80,39.4677,516.6,0.103857,0.0416667,0.375,0.0782879,0.233714,0.905663,-0.0117883,-15.8141,1e-05,0.0113913,0.100514,9831.08,0.856438,0.393476,-1,0.2,101.698,983040,0.928701,0.696534,0.997522,0.327695,-0.977068
81,49.2186,565.5,0.103669,0.0833333,0.25,0.0767457,0.24414,0.875951,-0.012288,-15.8129,1e-05,0.0193055,0.10052,11195.7,0.773563,0.324004,-1,0.2,102.797,995328,1.04308,0.831723,1.09421,0.356443,-0.864528
82,42.0614,495.6,0.103597,0.0833333,0.541667,0.078301,0.233068,0.815254,-0.0104642,-15.8116,1e-05,0.0114122,0.100528,10014.9,0.825977,0.400992,-1,0.2,104.026,1.00762e+06,0.901627,0.711644,0.95645,0.353623,-0.820272
83,65.9302,609.143,0.106071,0.125,0.166667,0.0767507,0.222933,0.648617,-0.0109969,-15.8102,1e-05,0.0152883,0.100535,9207.89,0.948608,0.3859,-1,0.2,105.362,1.0199e+06,1.15951,1.03806,1.18069,0.501341,-0.583086
84,108.916,965.112,0.10291,3.16667,0.166667,0.0830497,0.236973,0.877394,-0.0111129,-15.809,1e-05,0.010718,0.100542,9190.97,0.985871,0.351094,-1,0.2,106.7,1.03219e+06,1.86513,1.67591,1.87946,0.763945,-0.738664
85,65.4544,682.933,0.100284,0.291667,0.333333,0.0895976,0.272468,0.975433,-0.0109133,-15.8077,1e-05,0.0130268,0.100549,10418.4,0.818365,0.361087,-1,0.2,107.881,1.04448e+06,1.26434,1.05986,1.32485,0.474639,-0.850969
86,66.8215,642.263,0.10216,0.375,0.416667,0.0875525,0.253082,0.832211,-0.0110614,-15.8065,1e-05,0.0113516,0.100558,10044.9,0.872756,0.350557,-1,0.2,109.105,1.05677e+06,1.2278,1.04649,1.24731,0.492383,-0.672898
87,64.8572,601.333,0.100257,0.333333,0.291667,0.088012,0.289278,1.08206,-0.0105486,-15.8046,1e-05,0.0160724,0.100568,10931.9,0.807538,0.316509,-1,0.2,110.231,1.06906e+06,1.14367,1.01451,1.16607,0.47914,-0.560532
88,70.985,662.391,0.0989303,0.541667,0.416667,0.0896912,0.297404,1.08891,-0.0110017,-15.8029,1e-05,0.0131153,0.100577,9383.77,0.931286,0.378209,-1,0.2,111.541,1.08134e+06,1.26625,1.09663,1.28597,0.521117,-0.620723
89,69.193,660.848,0.0979333,0.75,0.625,0.0944751,0.313993,1.14161,-0.0100882,-15.8013,1e-05,0.00878142,0.100585,9303.04,0.955555,0.365303,-1,0.2,112.863,1.09363e+06,1.26049,1.09215,1.28293,0.505543,-0.681454
90,79.9708,796.25,0.101525,0.458333,0.375,0.0895702,0.253422,0.879229,-0.0110199,-15.7997,1e-05,0.0130603,0.100596,9463.64,0.907994,0.390449,-1,0.2,114.163,1.10592e+06,1.49835,1.26458,1.54369,0.587331,-0.895404
91,69.7592,686.933,0.0982214,0.375,0.25,0.0919567,0.316113,1.09135,-0.0110292,-15.7979,1e-05,0.0126776,0.100605,9049.4,0.982477,0.375403,-1,0.2,115.523,1.11821e+06,1.30142,1.10616,1.33699,0.486348,-0.742949
92,75.8545,692.677,0.0981241,0.75,0.541667,0.0913795,0.303809,1.07771,-0.010439,-15.7966,1e-05,0.0113249,0.100611,8385.02,1.12262,0.342849,-1,0.2,116.99,1.1305e+06,1.33247,1.17966,1.34567,0.552423,-0.617494
93,66.6009,623.333,0.0981023,0.583333,0.541667,0.0945005,0.314184,1.03156,-0.0120919,-15.7955,1e-05,0.0193112,0.100617,11041.6,0.857891,0.254996,-1,0.2,118.104,1.14278e+06,1.19649,1.05753,1.2112,0.48267,-0.617853
94,73.6053,724.833,0.0988884,0.541667,0.458333,0.0932965,0.281581,0.978475,-0.0117012,-15.7943,1e-05,0.0138787,0.100624,11852.6,0.761655,0.275078,-1,0.2,119.142,1.15507e+06,1.37022,1.14722,1.40766,0.528666,-0.773501
95,46.3784,517.529,0.0967355,0.25,0.458333,0.0931219,0.312371,1.16083,-0.0108973,-15.793,1e-05,0.0188287,0.100632,12815.2,0.689474,0.269384,-1,0.2,120.103,1.16736e+06,0.961649,0.754215,1.00484,0.3539,-0.755685
96,64.7239,673.474,0.0984941,0.416667,0.375,0.0929841,0.313985,0.878759,-0.00988052,-15.7914,1e-05,0.010054,0.100641,12094.2,0.741086,0.274937,-1,0.2,121.12,1.17965e+06,1.25426,1.04307,1.30959,0.448017,-0.818741
97,60.4688,609.727,0.099787,0.25,0.208333,0.0915163,0.275367,0.891453,-0.00851731,-15.79,1e-05,0.0229501,0.100648,12509.2,0.695147,0.287172,-1,0.2,122.103,1.19194e+06,1.14758,0.985657,1.18418,0.453249,-0.747223
98,93.5632,865.476,0.0989663,0.708333,0.166667,0.0935861,0.277918,0.996428,-0.0115795,-15.7885,1e-05,0.0147338,0.100658,11233,0.756181,0.337736,-1,0.2,123.198,1.20422e+06,1.6583,1.43732,1.68075,0.665985,-0.764201
99,61.7171,635.267,0.0983412,0.25,0.375,0.0951804,0.298763,0.984554,-0.0101052,-15.7869,1e-05,0.0140534,0.100665,12851,0.689067,0.267121,-1,0.2,124.156,1.21651e+06,1.18687,0.988899,1.22658,0.480317,-0.796811
100,88.4588,817.667,0.0983808,0.625,0.25,0.0960117,0.294031,0.980318,-0.0106287,-15.7857,1e-05,0.0140293,0.100673,11838.6,0.690741,0.347218,-1,0.2,125.195,1.2288e+06,1.57037,1.37516,1.58849,0.634391,-0.745468
101,71.2491,671.259,0.0968893,0.625,0.5,0.0966525,0.31493,1.02369,-0.0102862,-15.7843,1e-05,0.0125406,0.10068,11869.4,0.76158,0.273683,-1,0.2,127.466,1.24109e+06,1.28097,1.12817,1.30106,0.518901,-0.666649
102,68.3585,647.85,0.0973918,0.416667,0.416667,0.0975154,0.309612,1.07589,-0.0113061,-15.7829,1e-05,0.0158805,0.100689,13366.4,0.660571,0.258751,-1,0.2,128.387,1.25338e+06,1.24072,1.05813,1.25535,0.505122,-0.641395
103,74.0741,713.286,0.0980571,0.458333,0.416667,0.097696,0.298603,0.920397,-0.0105683,-15.7812,1e-05,0.0110667,0.100699,13268.7,0.681539,0.244552,-1,0.2,129.314,1.26566e+06,1.3542,1.17448,1.38268,0.524557,-0.732211
104,76.2045,774.083,0.0956939,0.333333,0.166667,0.101506,0.360826,1.39689,-0.0106909,-15.7795,1e-05,0.0212302,0.100708,14126,0.620999,0.248886,-1,0.2,130.185,1.27795e+06,1.45395,1.17052,1.50268,0.553074,-0.869991
105,18.2667,285.421,0.093206,0.0416667,0.75,0.0998911,0.356784,1.17953,-0.00882672,-15.778,1e-05,0.0130143,0.100716,12764.9,0.70416,0.258483,-1,0.2,131.149,1.29024e+06,0.495432,0.323702,0.547892,0.164401,-0.618092
106,43.2972,499.278,0.0941196,0.208333,0.541667,0.0990889,0.324623,0.950641,-0.0100329,-15.7767,1e-05,0.012827,0.100723,12541.3,0.717748,0.262054,-1,0.2,132.13,1.30253e+06,0.920932,0.738183,0.965834,0.343904,-0.803991
107,48.2022,540.16,0.0975752,0.333333,0.708333,0.096978,0.308151,0.778018,-0.00860002,-15.7755,1e-05,0.0132256,0.10073,11891.1,0.780798,0.252578,-1,0.2,133.165,1.31482e+06,0.998866,0.789192,1.04598,0.35916,-0.78309
108,108.331,1000,0.101634,0.291667,0,0.0941456,0.247948,0.558251,-0.0107052,-15.7741,1e-05,0.00982771,0.100737,12643.9,0.684887,0.286963,-1,0.2,134.138,1.3271e+06,1.9162,1.64668,1.94187,0.748176,-0.836382
109,80.3384,742.118,0.0962807,0.416667,0.291667,0.0949722,0.300206,0.889237,-0.00944183,-15.773,1e-05,0.00865332,0.100744,12655.4,0.688492,0.28248,-1,0.2,135.11,1.33939e+06,1.42016,1.25772,1.435,0.592546,-0.688495
110,69.8725,728.583,0.097724,0.25,0.25,0.0960256,0.290381,0.743092,-0.0124097,-15.7716,1e-05,0.00907416,0.100752,12653.7,0.688904,0.282196,-1,0.2,136.082,1.35168e+06,1.36611,1.09375,1.4106,0.504307,-0.881146
111,66.6332,659.882,0.095196,0.333333,0.375,0.099748,0.317639,0.838086,-0.0115478,-15.7702,1e-05,0.014788,0.10076,13026.7,0.674197,0.269099,-1,0.2,137.027,1.36397e+06,1.25562,1.05953,1.27674,0.491549,-0.751777
112,65.1216,681.375,0.0986099,0.25,0.416667,0.0957811,0.28728,0.710593,-0.0109294,-15.7689,1e-05,0.00835291,0.100766,12785.2,0.689778,0.27133,-1,0.2,137.989,1.37626e+06,1.27198,1.01608,1.3161,0.473614,-0.821696
113,54.9666,594.583,0.0973298,0.208333,0.291667,0.0979013,0.292304,0.789401,-0.00981994,-15.7676,1e-05,0.0171298,0.100775,13581,0.635913,0.268879,-1,0.2,138.895,1.38854e+06,1.08464,0.905225,1.14718,0.406302,-0.795012
114,68.7733,684.947,0.0953743,0.375,0.416667,0.100476,0.339457,1.06413,-0.0115091,-15.7659,1e-05,0.0203564,0.100785,10252.1,0.793035,0.405554,-1,0.2,140.095,1.40083e+06,1.2963,1.06548,1.32483,0.503412,-0.751354
115,38.7552,491.833,0.0947428,0.166667,0.583333,0.0997682,0.322072,0.93273,-0.0116879,-15.7642,1e-05,0.0161743,0.100793,7953.28,1.11754,0.427482,-1,0.2,141.641,1.41312e+06,0.893215,0.64831,0.948704,0.310296,-0.862767
116,58.6488,584.526,0.0970303,0.333333,0.458333,0.0983961,0.322362,0.725859,-0.00967491,-15.7628,1e-05,0.0124338,0.1008,9647.58,0.925729,0.347958,-1,0.2,142.917,1.42541e+06,1.10642,0.946822,1.13005,0.429023,-0.679879
117,56.5438,610.615,0.0982276,0.208333,0.333333,0.0977191,0.308509,0.861203,-0.010107,-15.7614,1e-05,0.0146086,0.100811,9937.24,0.842089,0.394472,-1,0.2,144.155,1.4377e+06,1.11503,0.896073,1.17811,0.419079,-0.781105
118,53.7375,565,0.0993202,0.25,0.375,0.0964579,0.285165,0.764236,-0.0103147,-15.7597,1e-05,0.0116577,0.100817,9533.68,0.914049,0.374855,-1,0.2,145.448,1.44998e+06,1.05782,0.847631,1.09392,0.397803,-0.710296
119,76.9066,780.4,0.0979987,0.416667,0.208333,0.0970493,0.296138,0.728613,-0.00951329,-15.7586,1e-05,0.0179879,0.100824,9512.01,0.936038,0.355802,-1,0.2,146.741,1.46227e+06,1.47674,1.20214,1.51444,0.536874,-0.884874
120,47.5903,516.182,0.0981252,0.166667,0.291667,0.0969693,0.302802,0.729944,-0.0123665,-15.7572,1e-05,0.0181305,0.100832,8468.12,1.00102,0.450069,-1,0.2,148.194,1.47456e+06,0.956971,0.755026,0.997602,0.342373,-0.672454
121,55.0362,660.182,0.0983525,0.25,0.208333,0.0943105,0.282538,0.457625,-0.01048,-15.756,1e-05,0.0111942,0.100838,8951.01,0.924478,0.448328,-1,0.2,149.568,1.48685e+06,1.18729,0.862699,1.27403,0.413786,-0.985996
122,92.2445,863.111,0.0986572,0.291667,0.0833333,0.0963977,0.326014,1.22354,-0.0122066,-15.7548,1e-05,0.0131278,0.100846,9641.12,0.944053,0.330488,-1,0.2,150.844,1.49914e+06,1.65032,1.39489,1.67167,0.654925,-0.759574
123,45.0115,520.7,0.0957158,0.125,0.708333,0.101244,0.359904,0.907153,-0.00965872,-15.7532,1e-05,0.0126364,0.100855,9408.9,0.900457,0.405541,-1,0.2,152.151,1.51142e+06,0.951918,0.730759,1.00387,0.328093,-0.764067
124,61.9683,669.235,0.097334,0.208333,0.5,0.0950872,0.318452,0.739124,-0.0107326,-15.7517,1e-05,0.00675966,0.100862,9337.5,0.887018,0.428966,-1,0.2,153.469,1.52371e+06,1.24592,0.977473,1.29369,0.463494,-0.882164
125,99.5707,927.61,0.100597,1.54167,0.166667,0.0930796,0.27261,0.650517,-0.00983212,-15.7505,1e-05,0.0196307,0.100869,9481.61,0.958872,0.33711,-1,0.2,154.766,1.536e+06,1.76739,1.53163,1.79473,0.686189,-0.801406
126,83.3933,792.091,0.0990309,0.333333,0.125,0.0973869,0.289049,0.67823,-0.0105855,-15.7491,1e-05,0.0161369,0.100877,10921.5,0.751006,0.374118,-1,0.2,155.893,1.54829e+06,1.5075,1.32906,1.5339,0.575733,-0.77653
127,68.666,722.077,0.0974837,0.291667,0.25,0.0999041,0.30504,0.911428,-0.0103066,-15.7478,1e-05,0.025103,0.100885,9901.07,0.891081,0.349997,-1,0.2,157.135,1.56058e+06,1.32982,1.08358,1.39343,0.488759,-0.862288
128,51.2523,565.35,0.0973472,0.25,0.583333,0.100939,0.311047,0.521732,-0.00913561,-15.7464,1e-05,0.0147191,0.100893,10201.1,0.887698,0.316872,-1,0.2,158.341,1.57286e+06,1.0375,0.817175,1.08934,0.384784,-0.76619
129,85.8848,807.353,0.10071,0.541667,0.166667,0.0971549,0.284556,0.508277,-0.0100287,-15.7449,1e-05,0.0130329,0.100901,9103.15,0.93306,0.416802,-1,0.2,159.692,1.58515e+06,1.53588,1.31472,1.56139,0.586816,-0.704564
130,88.1959,801.5,0.0995462,0.541667,0.208333,0.0961364,0.267478,0.486628,-0.010041,-15.7434,1e-05,0.0139354,0.100911,8909.5,0.978357,0.400845,-1,0.2,161.073,1.59744e+06,1.53527,1.36881,1.54732,0.603173,-0.644785
131,85.556,886.4,0.100153,0.541667,0.0833333,0.0972659,0.290876,0.554179,-0.0119734,-15.7417,1e-05,0.0176907,0.100919,10658.6,0.842548,0.310324,-1,0.2,162.227,1.60973e+06,1.65618,1.2776,1.71396,0.602021,-0.971968
132,63.3763,661.6,0.099389,0.291667,0.333333,0.0964614,0.296344,0.502757,-0.0103204,-15.7401,1e-05,0.0100975,0.10093,11989.1,0.750876,0.274054,-1,0.2,163.253,1.62202e+06,1.22764,0.978558,1.27548,0.448029,-0.760895
133,98.1622,896.1,0.0975671,0.708333,0.125,0.0974406,0.303999,0.747083,-0.0106391,-15.738,1e-05,0.0135019,0.100941,9660.86,0.869375,0.402561,-1,0.2,164.526,1.6343e+06,1.72145,1.52337,1.73066,0.663478,-0.730845
134,77.8809,763.81,0.0963553,0.5,0.375,0.0998149,0.312042,0.709675,-0.0101335,-15.7365,1e-05,0.0108543,0.100947,8857.08,1.00023,0.387136,-1,0.2,165.915,1.64659e+06,1.44475,1.2236,1.47609,0.551575,-0.801974
135,70.4349,775,0.0986747,0.5,0.375,0.0971068,0.290095,0.622686,-0.00936703,-15.7356,1e-05,0.00807223,0.100952,9258.42,0.947833,0.379391,-1,0.2,167.244,1.65888e+06,1.41875,1.08776,1.5031,0.509402,-0.997262
136,77.771,780.615,0.0969253,0.375,0.166667,0.100356,0.306099,0.632602,-0.0125009,-15.7345,1e-05,0.0128851,0.100958,10928.5,0.77206,0.352338,-1,0.2,168.37,1.67117e+06,1.47547,1.21757,1.50753,0.540784,-0.852806
137,64.0152,648.316,0.0965621,0.416667,0.375,0.0996369,0.306037,0.592657,-0.0104526,-15.7335,1e-05,0.00991361,0.100964,8461.53,1.06546,0.386756,-1,0.2,169.824,1.68346e+06,1.21653,1.01549,1.25096,0.454567,-0.736783
138,72.9355,768.588,0.0979639,0.5,0.208333,0.0986522,0.303921,0.521613,-0.0104306,-15.7321,1e-05,0.0112415,0.100975,9070.78,0.958643,0.396037,-1,0.2,171.18,1.69574e+06,1.41698,1.10693,1.48354,0.522141,-0.882826
139,81.271,814.533,0.0975063,0.416667,0.208333,0.0997427,0.294198,0.593215,-0.00880334,-15.7303,1e-05,0.0482855,0.100983,10438.4,0.875826,0.301364,-1,0.2,172.358,1.70803e+06,1.52407,1.23549,1.57286,0.581473,-0.85034
140,47.4095,512.211,0.0955879,0.291667,0.5,0.101285,0.320315,0.664602,-0.00845086,-15.729,1e-05,0.0212425,0.10099,12732.4,0.703804,0.261294,-1,0.2,173.324,1.72032e+06,0.955685,0.768467,0.988496,0.356948,-0.699122
141,86.7438,820.333,0.100241,0.333333,0.166667,0.095399,0.272281,0.4297,-0.0109918,-15.7279,1e-05,0.0129466,0.100995,9528.31,0.858396,0.431234,-1,0.2,174.615,1.73261e+06,1.56178,1.34971,1.58336,0.592381,-0.750041
142,87.2864,863.167,0.100379,0.625,0.125,0.0979058,0.270457,0.46938,-0.0120343,-15.7268,1e-05,0.0105216,0.101002,8775.21,0.976952,0.423357,-1,0.2,176.017,1.7449e+06,1.61682,1.33284,1.66332,0.597402,-0.846067
143,76.6555,754.412,0.0985903,0.458333,0.25,0.100336,0.294927,0.428861,-0.00902544,-15.7255,1e-05,0.0139604,0.101009,10249.3,0.895443,0.303465,-1,0.2,177.217,1.75718e+06,1.43518,1.19531,1.45526,0.529938,-0.782912
144,79.7229,779.929,0.0989707,0.416667,0.166667,0.0997824,0.295826,0.429805,-0.0109788,-15.7244,1.5e-05,0.00326841,0.101016,11886.1,0.752159,0.281653,-1,0.2,178.253,1.76947e+06,1.47338,1.24351,1.5064,0.546274,-0.783414
145,83.4374,818.765,0.0977442,0.458333,0.25,0.102268,0.315037,0.588509,-0.0118054,-15.7229,1.5e-05,0.0152787,0.101026,8933.48,0.951475,0.424025,-1,0.2,179.629,1.78176e+06,1.53514,1.29108,1.5799,0.56216,-0.796401
146,88.1154,817.267,0.0964666,0.416667,0.208333,0.102455,0.310735,0.574491,-0.0108025,-15.721,1.5e-05,0.0188892,0.101037,9633.79,0.872584,0.402926,-1,0.2,180.906,1.79405e+06,1.56653,1.37863,1.575,0.59739,-0.711782
147,68.6292,750.769,0.0970125,0.291667,0.25,0.103761,0.295949,0.490498,-0.0104973,-15.719,1.5e-05,0.00877353,0.101049,10448.4,0.874347,0.301719,-1,0.2,182.084,1.80634e+06,1.38191,1.03062,1.44691,0.513201,-0.94118
148,84.3249,827.067,0.0971126,0.458333,0.166667,0.102154,0.306003,0.630449,-0.0112889,-15.7167,1.5e-05,0.0164909,0.101062,11702.7,0.773554,0.276461,-1,0.2,183.135,1.81862e+06,1.55171,1.34873,1.59635,0.567831,-0.848379
149,76.5829,803,0.0975798,0.541667,0.291667,0.100918,0.30345,0.467518,-0.0124173,-15.7144,1.5e-05,0.0139231,0.101075,9231.26,0.919947,0.411182,-1,0.2,184.467,1.83091e+06,1.49325,1.16395,1.54941,0.546087,-0.923556
150,64.2752,740.5,0.0991716,0.125,0.125,0.0997166,0.293393,0.46866,-0.0116271,-15.7123,1e-05,0.0226166,0.101085,9722.45,0.882099,0.38178,-1,0.2,185.733,1.8432e+06,1.36072,0.932451,1.43372,0.490064,-1.00319
151,80.4352,766.909,0.0980121,0.333333,0.125,0.0996872,0.291546,0.661598,-0.00975637,-15.711,1e-05,0.0147892,0.101091,9672.94,0.951482,0.318866,-1,0.2,187.004,1.85549e+06,1.45585,1.2203,1.47494,0.553668,-0.682998
152,61.0173,683.083,0.0966338,0.25,0.25,0.100725,0.319251,0.629107,-0.0106505,-15.7096,1e-05,0.0124945,0.101099,8521.35,1.14124,0.300783,-1,0.2,188.448,1.86778e+06,1.25564,0.960205,1.31935,0.423922,-0.908255
153,74.5499,777.864,0.0990468,0.583333,0.333333,0.100906,0.308715,0.399291,-0.010391,-15.7081,1e-05,0.0106629,0.101109,8077.74,1.12654,0.394677,-1,0.2,189.971,1.88006e+06,1.4448,1.11765,1.49679,0.521679,-0.853424
154,61.0388,586.75,0.0989997,0.125,0.208333,0.0986035,0.304956,0.50699,-0.00922333,-15.7065,1e-05,0.0124985,0.101117,10356.9,0.819536,0.366921,-1,0.2,191.159,1.89235e+06,1.11057,0.936839,1.12685,0.415485,-0.537802
155,82.4472,851.846,0.0980115,0.375,0.166667,0.10052,0.312905,0.423609,-0.0103485,-15.7051,1e-05,0.0127748,0.101125,10597.3,0.862394,0.297149,-1,0.2,192.319,1.90464e+06,1.57219,1.30993,1.64038,0.562902,-0.96304
156,76.031,749.364,0.0969414,0.583333,0.333333,0.0989271,0.316075,0.613701,-0.0100372,-15.7036,1e-05,0.015937,0.101132,11688.8,0.765467,0.285795,-1,0.2,193.372,1.91693e+06,1.42396,1.15614,1.44339,0.529797,-0.751728
157,70.8492,766.533,0.0970582,0.291667,0.333333,0.10175,0.337513,0.578484,-0.00908368,-15.7025,1e-05,0.0157354,0.101138,9250.32,0.882846,0.445541,-1,0.2,194.702,1.92922e+06,1.41798,1.06418,1.47684,0.499691,-0.916232
158,72.9734,766.6,0.0965596,0.583333,0.25,0.0999352,0.314399,0.728799,-0.00957827,-15.7016,1e-05,0.0233671,0.101143,9532.76,0.916092,0.372937,-1,0.2,195.992,1.9415e+06,1.4187,1.1321,1.47787,0.512342,-0.892341
159,69.853,747.364,0.0978705,0.25,0.208333,0.0964811,0.298528,0.326694,-0.00759654,-15.7006,1e-05,0.0100399,0.101149,11015,0.813443,0.302127,-1,0.2,197.109,1.95379e+06,1.40276,1.09506,1.43554,0.496621,-0.937328
160,92.403,829.25,0.0996211,0.375,0.125,0.0978525,0.306948,0.573606,-0.00888916,-15.6994,1e-05,0.013117,0.101157,12378.2,0.721186,0.271526,-1,0.2,198.104,1.96608e+06,1.59518,1.43099,1.58945,0.608766,-0.60424
161,85.8041,880.667,0.0992585,0.333333,0.166667,0.0998036,0.292224,0.447724,-0.010922,-15.6978,1e-05,0.0103738,0.101166,9893.12,0.849762,0.392313,-1,0.2,199.347,1.97837e+06,1.64267,1.25739,1.69642,0.591577,-0.897852
162,58.8405,665,0.0996946,0.208333,0.208333,0.0988002,0.278527,0.415057,-0.00975863,-15.6965,1e-05,0.0112829,0.101172,9647.79,0.891279,0.382381,-1,0.2,200.622,1.99066e+06,1.2164,0.871887,1.27709,0.433185,-0.856538
163,72.8151,695.938,0.0980978,0.416667,0.25,0.0996174,0.309272,0.462604,-0.0108755,-15.6955,1e-05,0.015957,0.101177,10680.9,0.820815,0.32965,-1,0.2,201.774,2.00294e+06,1.31658,1.12345,1.34029,0.48601,-0.625572
164,91.6968,888.917,0.0998331,0.333333,0.166667,0.0972426,0.277796,0.380706,-0.00879608,-15.6943,1e-05,0.0108863,0.101185,11748.6,0.748812,0.297097,-1,0.2,202.821,2.01523e+06,1.67713,1.43191,1.70724,0.604089,-0.835522
165,87.0796,847.706,0.0989854,0.541667,0.166667,0.100116,0.299724,0.465787,-0.0102705,-15.6929,1e-05,0.00878392,0.101193,13270.9,0.658138,0.267795,-1,0.2,203.748,2.02752e+06,1.6047,1.28719,1.63131,0.586981,-0.756205
166,71.6491,787.917,0.0983118,0.291667,0.208333,0.101016,0.304252,0.416979,-0.010709,-15.6917,1e-05,0.0105918,0.1012,13835.3,0.629879,0.258287,-1,0.2,204.637,2.03981e+06,1.44639,1.0097,1.51419,0.507745,-0.895572
167,92.6056,943.594,0.0992277,1.20833,0.125,0.101443,0.297408,0.372808,-0.00908771,-15.6906,1e-05,0.0101271,0.101204,13694.3,0.632712,0.264597,-1,0.2,205.536,2.0521e+06,1.76454,1.37588,1.81777,0.634538,-0.962453
168,62.5226,691.462,0.0980128,0.291667,0.25,0.10346,0.299964,0.393539,-0.00993289,-15.6898,1e-05,0.0108236,0.101209,13541.6,0.649892,0.257536,-1,0.2,206.444,2.06438e+06,1.2543,0.970418,1.33092,0.430682,-0.860188
169,86.7038,805.444,0.0998803,0.291667,0.0833333,0.101929,0.288044,0.350264,-0.00984383,-15.6888,1e-05,0.0147526,0.101215,14139.9,0.603773,0.265256,-1,0.2,207.315,2.07667e+06,1.53807,1.34149,1.54922,0.562545,-0.656141
170,96.6013,919.538,0.0974545,0.416667,0.125,0.100493,0.311793,0.653907,-0.00921962,-15.6878,1e-05,0.0167857,0.101221,13392.6,0.653239,0.264284,-1,0.2,208.234,2.08896e+06,1.74434,1.47664,1.76901,0.639065,-0.798988
171,79.3313,802.294,0.0989848,0.458333,0.25,0.101124,0.306877,0.371397,-0.00882632,-15.6864,1e-05,0.0097779,0.101229,13710.8,0.633804,0.262425,-1,0.2,209.131,2.10125e+06,1.50497,1.18585,1.54406,0.541072,-0.809386
172,92.6974,894.889,0.0981503,0.666667,0.0833333,0.104224,0.315785,0.476789,-0.010181,-15.6851,1e-05,0.0220522,0.101237,13167,0.661104,0.27214,-1,0.2,210.065,2.11354e+06,1.68553,1.40818,1.72296,0.621311,-0.803114
173,78.6934,752,0.0977861,0.333333,0.291667,0.10502,0.303245,0.383918,-0.0109808,-15.684,1e-05,0.0139475,0.101241,12425.6,0.712356,0.276571,-1,0.2,211.056,2.12582e+06,1.42695,1.21573,1.44208,0.523688,-0.673778
174,71.6711,794.385,0.0979038,0.375,0.166667,0.103332,0.32358,0.510497,-0.00955177,-15.6831,1e-05,0.0109017,0.101248,13649.9,0.634083,0.266142,-1,0.2,211.957,2.13811e+06,1.45393,1.02106,1.53945,0.520735,-0.951616
175,83.6907,828.5,0.0958496,0.625,0.291667,0.10509,0.336147,0.430918,-0.0100796,-15.6816,1e-05,0.00890982,0.101257,12925,0.691453,0.259262,-1,0.2,212.909,2.1504e+06,1.55352,1.31078,1.59141,0.538652,-0.80983
176,69.9935,739.867,0.098563,0.416667,0.208333,0.105313,0.295748,0.41412,-0.0106104,-15.68,1e-05,0.0144761,0.101266,13083.4,0.645939,0.293269,-1,0.2,213.85,2.16269e+06,1.35773,1.06516,1.422,0.488314,-0.833529
177,93.4653,918.952,0.0986792,0.666667,0.208333,0.102085,0.29611,0.227913,-0.00947029,-15.6787,1e-05,0.00796519,0.101272,13093.9,0.676034,0.262417,-1,0.2,214.789,2.17498e+06,1.7408,1.38457,1.76833,0.625192,-0.845619
178,93.3124,978.143,0.0984759,0.25,0.0416667,0.102856,0.294026,0.355389,-0.00971224,-15.6777,1e-05,0.0170318,0.101279,14200.9,0.597914,0.267385,-1,0.2,215.656,2.18726e+06,1.82841,1.25811,1.88292,0.656343,-0.960171
179,84.8027,882.222,0.097716,0.583333,0.166667,0.104445,0.297787,0.378615,-0.00906465,-15.6762,1e-05,0.00697173,0.101287,13356.5,0.657079,0.262925,-1,0.2,216.577,2.19955e+06,1.64044,1.28298,1.69779,0.559531,-0.940602
180,104.674,1000,0.0968592,0.458333,0,0.104319,0.310827,0.437988,-0.00968001,-15.6748,1e-05,0.0195885,0.101294,13977.8,0.615774,0.263334,-1,0.2,217.457,2.21184e+06,1.90905,1.56407,1.91926,0.670846,-0.829519
181,60.4638,651.778,0.0952138,0.416667,0.333333,0.107607,0.332508,0.476155,-0.00973456,-15.6735,1e-05,0.0123797,0.101303,13245.2,0.670954,0.256777,-1,0.2,218.386,2.22413e+06,1.19569,0.920863,1.2555,0.428467,-0.777325
182,87.7238,860.833,0.0981729,0.375,0.125,0.10524,0.295015,0.310802,-0.0103597,-15.672,1e-05,0.00734596,0.101311,11860.8,0.633326,0.402691,-1,0.2,219.423,2.23642e+06,1.63735,1.29545,1.65875,0.580772,-0.786132
183,82.9338,829.143,0.0979429,0.458333,0.125,0.104138,0.300237,0.334746,-0.00839863,-15.6706,1e-05,0.0113991,0.101319,10251,0.88325,0.315457,-1,0.2,220.623,2.2487e+06,1.55832,1.2419,1.59413,0.542428,-0.790084
184,88.9763,919,0.0979658,0.416667,0.0833333,0.106134,0.299673,0.353932,-0.00992668,-15.6691,1e-05,0.0140442,0.101326,10061.7,0.898287,0.322972,-1,0.2,221.846,2.26099e+06,1.70717,1.25519,1.76897,0.604434,-0.886948
185,74.2298,833.333,0.0971171,0.416667,0.208333,0.106138,0.298093,0.459903,-0.0112356,-15.668,1e-05,0.0129491,0.101332,11835.3,0.748363,0.289883,-1,0.2,222.885,2.27328e+06,1.51147,1.06755,1.60799,0.532866,-1.00839
186,85.5203,845.882,0.097437,0.5,0.208333,0.105377,0.304161,0.420335,-0.00792882,-15.6671,1e-05,0.0388143,0.101337,12225.2,0.703382,0.301759,-1,0.2,223.892,2.28557e+06,1.59894,1.28676,1.62458,0.563624,-0.797901
187,70.0715,749.286,0.0979796,0.375,0.208333,0.104437,0.31109,0.332368,-0.0102373,-15.6663,1e-05,0.0134739,0.101341,11700.3,0.743733,0.306498,-1,0.2,224.944,2.29786e+06,1.38462,1.03023,1.44521,0.477579,-0.834061
188,88.9028,875.462,0.098086,0.416667,0.125,0.105407,0.301705,0.403925,-0.0106109,-15.6654,1e-05,0.0163659,0.101348,11783.5,0.747821,0.294992,-1,0.2,225.988,2.31014e+06,1.64905,1.32919,1.67919,0.581193,-0.793487
189,75.5775,751.857,0.0991172,0.333333,0.25,0.102957,0.308937,0.264615,-0.00941167,-15.664,1e-05,0.00746526,0.101355,11586.6,0.777764,0.282771,-1,0.2,227.05,2.32243e+06,1.41068,1.163,1.43935,0.495385,-0.729544
190,102.844,973.706,0.0987497,0.666667,0.0416667,0.106469,0.304262,0.410772,-0.00950614,-15.6626,1e-05,0.0135016,0.101364,11973.5,0.727824,0.298442,-1,0.2,228.078,2.33472e+06,1.84868,1.50965,1.86797,0.649358,-0.73346
191,69.6879,682.176,0.0967282,0.375,0.333333,0.105357,0.322836,0.365804,-0.00815437,-15.6611,1e-05,0.0138137,0.101372,10468.8,0.832729,0.341047,-1,0.2,229.253,2.34701e+06,1.28799,1.07007,1.30768,0.447783,-0.629131
192,63.2079,680.692,0.0978399,0.291667,0.25,0.104878,0.313362,0.466522,-0.00879726,-15.6597,1e-05,0.00788021,0.101382,12637.1,0.693695,0.278683,-1,0.2,230.226,2.3593e+06,1.24142,0.976786,1.30923,0.418675,-0.785723
193,75.7101,764.625,0.0991808,0.208333,0.125,0.103131,0.288246,0.31423,-0.00726742,-15.6578,1e-05,0.0138897,0.101391,12100.3,0.718292,0.297223,-1,0.2,231.243,2.37158e+06,1.43231,1.10144,1.46941,0.495517,-0.713173
194,90.3928,885.067,0.098659,0.5,0.125,0.101974,0.305435,0.427366,-0.00787911,-15.6566,1e-05,0.0127732,0.101396,13147.2,0.655149,0.279502,-1,0.2,232.18,2.38387e+06,1.68486,1.31639,1.6994,0.591511,-0.772531
195,83.3631,847.3,0.0974373,0.583333,0.25,0.105348,0.323206,0.479526,-0.0106119,-15.6556,1e-05,0.0109084,0.101404,11986,0.748685,0.276514,-1,0.2,233.206,2.39616e+06,1.58198,1.21234,1.62743,0.562921,-0.816525
196,71.303,805.273,0.0982018,0.208333,0.25,0.103425,0.293724,0.323249,-0.00869666,-15.6541,1e-05,0.0184155,0.101411,10250.1,0.746356,0.452462,-1,0.2,234.407,2.40845e+06,1.4738,1.04305,1.5518,0.499076,-1.00257
197,102.65,960.143,0.0992912,0.5,0.0833333,0.102425,0.304026,0.339691,-0.00848388,-15.6529,1e-05,0.0137696,0.101418,8151.17,1.03546,0.472054,-1,0.2,235.915,2.42074e+06,1.83416,1.58696,1.84105,0.633634,-0.7633
198,88.6031,918.286,0.099431,0.75,0.125,0.102569,0.300823,0.336452,-0.00979486,-15.6515,1e-05,0.0101885,0.101426,8228.69,1.12023,0.373081,-1,0.2,237.41,2.43302e+06,1.7068,1.30462,1.76303,0.589918,-0.934214
199,84.1102,923.308,0.0988143,0.416667,0.125,0.101276,0.294003,0.342388,-0.0103646,-15.6501,1e-05,0.0114635,0.101434,9967.36,0.835341,0.397483,-1,0.2,238.644,2.44531e+06,1.69084,1.14738,1.77989,0.585918,-0.998519
200,85.8304,859.056,0.0994471,0.541667,0.208333,0.102158,0.290424,0.277311,-0.00882641,-15.6486,1e-05,0.0135304,0.101442,8617.88,1.02093,0.404946,-1,0.2,240.072,2.4576e+06,1.62177,1.28883,1.6511,0.555458,-0.825639
201,77.6931,774,0.100787,0.25,0.125,0.0983485,0.287189,0.299704,-0.00877564,-15.6472,1e-05,0.0089096,0.101451,10310,0.821657,0.370198,-1,0.2,242.505,2.46989e+06,1.43047,1.197,1.48202,0.508567,-0.733398
202,92.8782,870.429,0.100503,0.458333,0.125,0.0995949,0.281726,0.247128,-0.00839663,-15.6456,1e-05,0.0138312,0.101462,8695.56,0.950373,0.462762,-1,0.2,243.919,2.48218e+06,1.65727,1.42195,1.66806,0.573003,-0.676377
203,83.7377,844.091,0.101143,0.375,0.0833333,0.0978781,0.27524,0.201032,-0.00956747,-15.6437,1e-05,0.0075787,0.10147,8482.47,1.02622,0.422415,-1,0.2,245.37,2.49446e+06,1.58592,1.18308,1.61742,0.560187,-0.759718
204,78.4001,867.9,0.100786,0.291667,0.125,0.0991734,0.281696,0.253493,-0.008017,-15.6423,1e-05,0.0156536,0.101478,9113.54,0.942466,0.405858,-1,0.2,246.72,2.50675e+06,1.57635,1.1426,1.66833,0.537407,-1.00468
205,93.8119,882.9,0.100895,0.333333,0.0833333,0.099902,0.271154,0.186419,-0.00892737,-15.641,1e-05,0.00618538,0.101484,9176.93,0.942019,0.396991,-1,0.2,248.06,2.51904e+06,1.68462,1.44168,1.69248,0.553387,-0.681569
206,99.5627,1000,0.101455,0.416667,0,0.0975347,0.26561,0.201308,-0.00696353,-15.64,1e-05,0.00791046,0.10149,9722.52,0.926429,0.337441,-1,0.2,249.326,2.53133e+06,1.87912,1.44464,1.91922,0.624139,-0.888983
207,87.1482,923,0.100571,0.458333,0.0416667,0.100246,0.275155,0.25757,-0.00979791,-15.6387,1e-05,0.0104533,0.101498,9208.1,0.910526,0.423952,-1,0.2,250.661,2.54362e+06,1.68269,1.2604,1.76818,0.577607,-0.931462
208,81.3098,860.1,0.100733,0.291667,0.125,0.100228,0.290212,0.358578,-0.0085038,-15.6373,1e-05,0.0134441,0.101505,9667.56,0.865017,0.406038,-1,0.2,251.934,2.5559e+06,1.55358,1.25056,1.6504,0.529663,-0.91871
209,87.737,892.667,0.100918,0.958333,0.166667,0.0978409,0.272437,0.236177,-0.00879156,-15.6362,1e-05,0.00655908,0.101511,10634.1,0.836277,0.319254,-1,0.2,253.091,2.56819e+06,1.65184,1.26875,1.71319,0.580011,-0.826933
210,90.4951,906.5,0.100187,0.375,0.0416667,0.0988515,0.290329,0.403681,-0.00850788,-15.6351,1e-05,0.00995511,0.101519,10228.9,0.798503,0.4028,-1,0.2,254.294,2.58048e+06,1.69525,1.33044,1.73775,0.567506,-0.806184
211,84.5534,832.083,0.0995409,0.333333,0.166667,0.100017,0.297601,0.190738,-0.00904944,-15.6337,1e-05,0.010534,0.101526,9210.03,0.961355,0.372843,-1,0.2,255.63,2.59277e+06,1.56152,1.2214,1.58976,0.556614,-0.701624
212,87.3714,835.7,0.100531,0.333333,0.0833333,0.0974214,0.280264,0.193504,-0.0102535,-15.6324,1e-05,0.00865545,0.101533,10650.1,0.816579,0.337217,-1,0.2,256.785,2.60506e+06,1.60052,1.35662,1.60161,0.521285,-0.711475
213,86.3318,875.083,0.0999193,0.333333,0.166667,0.10129,0.29324,0.275988,-0.0100209,-15.631,1e-05,0.0111048,0.101543,10382.1,0.797136,0.386442,-1,0.2,257.969,2.61734e+06,1.64988,1.27013,1.67207,0.538653,-0.814146
214,90.3988,892.2,0.100362,0.5,0.125,0.099294,0.287692,0.2075,-0.00870845,-15.6293,1e-05,0.0117098,0.101551,8715.99,0.979518,0.430305,-1,0.2,259.381,2.62963e+06,1.67881,1.32345,1.7097,0.573535,-0.765558
215,97.4432,974.583,0.100314,0.458333,0.0416667,0.0992484,0.284998,0.23631,-0.00968846,-15.6279,1e-05,0.00828244,0.101559,9314.24,0.987588,0.331682,-1,0.2,260.702,2.64192e+06,1.83381,1.41681,1.87353,0.627999,-0.879992
216,79.7088,903.286,0.0998165,0.458333,0.125,0.100908,0.289304,0.27723,-0.00846151,-15.6267,1e-05,0.013844,0.101564,10061.7,0.822139,0.399131,-1,0.2,261.925,2.65421e+06,1.63516,1.11948,1.74375,0.559784,-1.07273
217,88.5128,884.885,0.0994114,0.916667,0.166667,0.100237,0.30947,0.347263,-0.00867321,-15.6257,1e-05,0.0114007,0.101572,8897.28,0.95676,0.424336,-1,0.2,263.307,2.6665e+06,1.66556,1.30141,1.69568,0.558925,-0.795941
218,87.3343,875.647,0.100189,0.583333,0.125,0.099304,0.290355,0.205637,-0.00949345,-15.6243,1e-05,0.00704788,0.101579,9735.82,0.885882,0.376261,-1,0.2,264.571,2.67878e+06,1.62846,1.31713,1.67913,0.547892,-0.805892
219,88.5879,930,0.0993301,0.5,0.0833333,0.0997008,0.296909,0.260526,-0.00704952,-15.6232,1e-05,0.0210991,0.101583,10468.9,0.793388,0.38037,-1,0.2,265.746,2.69107e+06,1.71751,1.32115,1.78258,0.573438,-0.965291
220,78.1029,822.625,0.0987063,0.25,0.0833333,0.10026,0.30834,0.563149,-0.00835815,-15.6225,1e-05,0.0128375,0.101589,10575.1,0.799212,0.362758,-1,0.2,266.909,2.70336e+06,1.5373,1.14744,1.57393,0.506505,-0.860038
221,71.6086,809.235,0.0988122,0.416667,0.291667,0.101035,0.308915,0.295402,-0.00665144,-15.6213,1e-05,0.00931093,0.101595,10799.5,0.846931,0.290904,-1,0.2,268.048,2.71565e+06,1.47502,1.05216,1.55532,0.493598,-0.995674
222,104.019,982.1,0.101346,0.375,0.0416667,0.0966203,0.273635,0.168493,-0.00909176,-15.6202,1e-05,0.00732866,0.101603,10905.1,0.752785,0.374025,-1,0.2,269.176,2.72794e+06,1.86053,1.61257,1.87978,0.608738,-0.760686
223,98.5346,956.429,0.100611,0.541667,0.0416667,0.096154,0.280631,0.19534,-0.00782156,-15.6189,1e-05,0.00554742,0.101608,9036.58,0.988714,0.371093,-1,0.2,270.538,2.74022e+06,1.81146,1.53551,1.83128,0.569451,-0.820967
224,85.8461,915.917,0.0992682,0.416667,0.0833333,0.101004,0.299206,0.308544,-0.00799018,-15.6182,1e-05,0.00989716,0.101612,10794,0.847696,0.29071,-1,0.2,271.678,2.75251e+06,1.67457,1.23197,1.75864,0.585096,-0.957974
225,93.8747,902.818,0.10042,0.375,0.0833333,0.0985904,0.289391,0.243591,-0.00899805,-15.6172,1e-05,0.00930104,0.101619,11072.7,0.736211,0.37355,-1,0.2,272.789,2.7648e+06,1.71048,1.39476,1.72303,0.556569,-0.691108
226,85.8765,879.133,0.0997723,0.5,0.125,0.100242,0.300052,0.265231,-0.0101038,-15.616,1e-05,0.0115999,0.101626,9776.48,0.877417,0.379477,-1,0.2,274.047,2.77709e+06,1.64322,1.23201,1.68602,0.546427,-0.813848
227,93.2826,905.154,0.0981358,0.416667,0.125,0.102633,0.324257,0.357895,-0.00852512,-15.6147,1e-05,0.0108784,0.101634,9778.31,0.940606,0.316052,-1,0.2,275.305,2.78938e+06,1.68938,1.45374,1.72909,0.547372,-0.755462
228,85.2152,865.8,0.0997236,0.458333,0.166667,0.100572,0.300161,0.45044,-0.00827145,-15.6131,1e-05,0.0140342,0.101644,9935.4,0.878682,0.358108,-1,0.2,276.543,2.80166e+06,1.62945,1.27609,1.65416,0.514446,-0.813388
229,88.3968,869.625,0.0984271,0.458333,0.208333,0.101614,0.327891,0.448086,-0.0082774,-15.6113,1e-05,0.0115074,0.101653,8463.51,0.927512,0.524368,-1,0.2,277.996,2.81395e+06,1.65666,1.28208,1.66087,0.542199,-0.72198
230,80.5421,830.5,0.0986402,0.583333,0.25,0.101625,0.318325,0.322708,-0.0103792,-15.61,1e-05,0.0185985,0.10166,10100.6,0.856204,0.360359,-1,0.2,279.215,2.82624e+06,1.54667,1.16918,1.58787,0.507141,-0.783745
231,78.1357,826.643,0.0991134,0.375,0.208333,0.102127,0.317015,0.310392,-0.00959652,-15.6087,1e-05,0.0198149,0.101666,9219.02,0.953488,0.379409,-1,0.2,280.549,2.83853e+06,1.52347,1.14125,1.58413,0.499424,-0.84149
232,92.4437,923.211,0.0997758,0.625,0.166667,0.10062,0.337377,0.587796,-0.00880003,-15.6077,1e-05,0.0157984,0.101673,8837.46,0.960158,0.430287,-1,0.2,281.941,2.85082e+06,1.74048,1.36214,1.77024,0.559366,-0.810037
233,61.3961,682.333,0.101001,0.333333,0.291667,0.0982382,0.286565,0.20795,-0.00835171,-15.6064,1e-05,0.00536898,0.10168,12032.8,0.719791,0.301418,-1,0.2,282.964,2.8631e+06,1.2438,0.882697,1.30673,0.424715,-0.788143
234,95.9218,935.562,0.101285,0.583333,0.0833333,0.0991128,0.295281,0.294971,-0.00814844,-15.6053,1e-05,0.00928393,0.101687,10097.6,0.841073,0.375852,-1,0.2,284.182,2.87539e+06,1.76186,1.42877,1.79046,0.563786,-0.748794
235,84.3756,799.727,0.100459,0.333333,0.125,0.0990411,0.293264,0.214482,-0.00863996,-15.604,1e-05,0.00915551,0.101693,9373.81,0.944467,0.366419,-1,0.2,285.494,2.88768e+06,1.50498,1.33165,1.52598,0.477517,-0.621343
236,83.7092,786.688,0.10088,0.5,0.166667,0.102814,0.302873,0.375925,-0.0088425,-15.6029,1e-05,0.010055,0.101699,10135,0.888147,0.324283,-1,0.2,286.708,2.89997e+06,1.50973,1.25149,1.49719,0.474045,-0.546988
237,80.3848,783,0.0988291,0.5,0.208333,0.101732,0.342404,0.402145,-0.00798256,-15.6017,1e-05,0.0107896,0.101707,12173.6,0.736937,0.272458,-1,0.2,287.719,2.91226e+06,1.4772,1.21563,1.49567,0.476959,-0.646221
238,88.2153,892.333,0.099675,0.458333,0.166667,0.102809,0.317675,0.342896,-0.00833974,-15.6003,1e-05,0.0100219,0.101716,11617.3,0.68273,0.375003,-1,0.2,288.778,2.92454e+06,1.66676,1.3009,1.71381,0.53778,-0.808476
239,95.8589,891.588,0.100784,0.625,0.0833333,0.102087,0.29323,0.201174,-0.00825512,-15.5988,1e-05,0.0117162,0.101723,9017.78,0.951551,0.41109,-1,0.2,290.142,2.93683e+06,1.71016,1.45376,1.69285,0.52736,-0.591197
240,98.5706,924.412,0.0993164,0.625,0.0833333,0.105433,0.313647,0.307747,-0.00955414,-15.5977,1e-05,0.008711,0.101729,9961.64,0.907143,0.326388,-1,0.2,291.377,2.94912e+06,1.76987,1.46168,1.76643,0.562058,-0.631498
241,81.8964,867.25,0.0990612,0.375,0.125,0.10553,0.332806,0.24699,-0.00841845,-15.5968,1e-05,0.010388,0.101733,12224.6,0.721122,0.284061,-1,0.2,292.383,2.96141e+06,1.58446,1.1461,1.66429,0.525396,-0.825426
242,88.5333,838,0.0988422,0.541667,0.208333,0.107223,0.331728,0.287778,-0.00957741,-15.5959,1e-05,0.0102069,0.10174,12767.6,0.69972,0.262717,-1,0.2,293.347,2.9737e+06,1.60114,1.3376,1.59379,0.501054,-0.60692
243,84.8521,810,0.098718,0.416667,0.125,0.107057,0.349679,0.357211,-0.00735046,-15.5944,1e-05,0.00559926,0.101749,14019,0.617565,0.25896,-1,0.2,294.225,2.98598e+06,1.53273,1.27572,1.5398,0.483351,-0.58901
244,81.3829,746.846,0.0983832,0.333333,0.208333,0.106555,0.35962,0.445599,-0.00862437,-15.593,1e-05,0.0121967,0.101756,13131.4,0.66381,0.271963,-1,0.2,295.162,2.99827e+06,1.45602,1.28198,1.41444,0.422353,-0.50565
245,64.1681,723.462,0.0962896,0.25,0.291667,0.109829,0.373424,0.539976,-0.00962024,-15.5919,1e-05,0.0152785,0.101762,12841.8,0.704328,0.252544,-1,0.2,296.12,3.01056e+06,1.32369,0.883969,1.39049,0.455536,-0.845272
246,67.324,724.588,0.0969104,0.375,0.333333,0.110579,0.343986,0.333483,-0.00865506,-15.5908,1e-05,0.0102212,0.101768,13178.8,0.665349,0.267059,-1,0.2,297.054,3.02285e+06,1.33641,0.963049,1.38,0.434733,-0.74799
247,70.5808,747.4,0.0989228,0.291667,0.125,0.107648,0.326851,0.289774,-0.0083769,-15.5898,1e-05,0.0149363,0.101773,14022.5,0.612822,0.263485,-1,0.2,297.931,3.03514e+06,1.38402,0.950994,1.42902,0.468647,-0.703638
248,91.7197,910.833,0.0991589,0.416667,0.0833333,0.10821,0.333899,0.298134,-0.0100323,-15.5889,1e-05,0.0107215,0.101779,13723,0.634126,0.261303,-1,0.2,298.828,3.04742e+06,1.70739,1.33417,1.73884,0.549517,-0.743934
249,87.5325,837.455,0.099459,0.333333,0.125,0.109612,0.322816,0.271194,-0.00850856,-15.5878,1e-05,0.0142236,0.101785,13418.2,0.645873,0.269901,-1,0.2,299.745,3.05971e+06,1.58167,1.31157,1.59404,0.503691,-0.614343
250,85.1883,873.318,0.0989773,0.75,0.166667,0.108016,0.335544,0.408935,-0.00834275,-15.5866,1e-05,0.0125486,0.101791,12752.9,0.692314,0.271231,-1,0.2,300.71,3.072e+06,1.61833,1.20089,1.67389,0.542828,-0.776517
251,64.9861,694.273,0.0978327,0.291667,0.166667,0.107928,0.347489,0.266727,-0.00900702,-15.5856,1e-05,0.0112242,0.101798,13606.6,0.63149,0.271601,-1,0.2,301.614,3.08429e+06,1.27051,1.00191,1.32712,0.403475,-0.753719
252,78.1918,809,0.0989391,0.375,0.125,0.106989,0.347166,0.251745,-0.00924669,-15.5846,1e-05,0.0134195,0.101802,13675.3,0.635693,0.26286,-1,0.2,302.514,3.09658e+06,1.50704,1.05469,1.54048,0.492057,-0.684678
253,92.3622,920.846,0.0975483,0.375,0.166667,0.109777,0.386037,0.706237,-0.00881374,-15.5838,1e-05,0.0204189,0.101809,13594.7,0.645718,0.258161,-1,0.2,303.419,3.10886e+06,1.73051,1.35296,1.75296,0.540813,-0.759136
254,55.8727,626.273,0.0943302,0.333333,0.583333,0.111344,0.425855,0.676448,-0.00838115,-15.5821,1e-05,0.00790937,0.101819,13318.3,0.657678,0.264962,-1,0.2,304.343,3.12115e+06,1.14688,0.798183,1.1944,0.367831,-0.713659
255,82.2171,848.952,0.0987389,0.541667,0.333333,0.107443,0.354909,0.223833,-0.00773168,-15.5808,1e-05,0.0120826,0.101823,12973.3,0.671855,0.275321,-1,0.2,305.291,3.13344e+06,1.5601,1.19695,1.61914,0.504401,-0.769738
256,95.737,905.5,0.0994916,0.375,0.0416667,0.107216,0.352526,0.460804,-0.00820771,-15.5802,1e-05,0.00703233,0.101827,13869.6,0.627966,0.258002,-1,0.2,306.179,3.14573e+06,1.71836,1.38695,1.72784,0.548161,-0.594463
257,69.1527,718.692,0.0977775,0.291667,0.25,0.108394,0.360315,0.342601,-0.00763315,-15.5792,1e-05,0.0140173,0.101834,13456.4,0.641934,0.271239,-1,0.2,307.093,3.15802e+06,1.34751,0.98363,1.36306,0.426326,-0.662887
258,90.742,951,0.0987247,0.708333,0.0833333,0.10879,0.348623,0.457288,-0.007944,-15.5778,1e-05,0.00623377,0.101843,12762,0.704251,0.258611,-1,0.2,308.057,3.1703e+06,1.7788,1.12494,1.81811,0.599973,-0.784728
259,81.3598,815.308,0.0977047,0.75,0.333333,0.109934,0.367378,0.461271,-0.00892225,-15.5764,1e-05,0.0136818,0.101851,11790.3,0.725586,0.316625,-1,0.2,309.1,3.18259e+06,1.52913,1.15833,1.54919,0.473633,-0.642287
260,76.7172,798.524,0.0965739,0.583333,0.291667,0.10817,0.402534,0.716761,-0.00814705,-15.5746,1e-05,0.0144644,0.101863,12877.7,0.696152,0.258055,-1,0.2,310.056,3.19488e+06,1.48038,1.0323,1.52053,0.486231,-0.683579
261,51.6441,591.429,0.0967406,0.25,0.333333,0.110458,0.403276,0.632873,-0.00765662,-15.5726,1e-05,0.0103821,0.101872,13422.8,0.65336,0.262096,-1,0.2,310.973,3.20717e+06,1.07059,0.69599,1.13145,0.354884,-0.670708
262,65.805,664,0.0974491,0.5,0.375,0.107599,0.395344,0.72473,-0.00866497,-15.5711,1e-05,0.00924957,0.10188,13053.1,0.687746,0.253642,-1,0.2,311.915,3.21946e+06,1.24342,0.997669,1.26278,0.376237,-0.589857
263,66.456,683.25,0.0964753,0.375,0.458333,0.108815,0.394659,0.601561,-0.00828672,-15.5698,1e-05,0.0129962,0.101887,12214.2,0.728267,0.277773,-1,0.2,312.922,3.23174e+06,1.27619,0.948958,1.30032,0.396671,-0.599341
264,71.471,755.9,0.0980272,0.5,0.333333,0.106046,0.360829,0.320699,-0.00921959,-15.5685,1e-05,0.0157348,0.101895,12707.1,0.714658,0.252361,-1,0.2,313.89,3.24403e+06,1.37543,0.989445,1.43938,0.45525,-0.685954
265,53.6547,623.2,0.0997964,0.208333,0.208333,0.10415,0.363161,0.404268,-0.00843384,-15.567,1e-05,0.00769541,0.101904,13782.5,0.622898,0.268665,-1,0.2,314.783,3.25632e+06,1.12194,0.676721,1.18975,0.381857,-0.687528
266,90.2092,903.077,0.100044,0.416667,0.125,0.105067,0.35113,0.268754,-0.0081666,-15.5655,1e-05,0.00738382,0.101912,13232.3,0.666039,0.262595,-1,0.2,315.713,3.26861e+06,1.66664,1.35155,1.72282,0.508897,-0.739454
267,96.0423,971.833,0.100031,0.458333,0.0416667,0.104346,0.351077,0.341105,-0.00761047,-15.5643,1e-05,0.00699274,0.101918,13687.2,0.636901,0.260874,-1,0.2,316.612,3.2809e+06,1.83238,1.23881,1.85196,0.581159,-0.702189
268,85.2281,787,0.0994888,0.291667,0.125,0.106121,0.368625,0.335116,-0.00804257,-15.5631,1e-05,0.0121534,0.101926,13600,0.636373,0.267154,-1,0.2,317.517,3.29318e+06,1.47154,1.28428,1.48884,0.482598,-0.465853
269,90.0946,857.308,0.0986602,0.375,0.166667,0.107649,0.377336,0.276388,-0.00794548,-15.5617,1e-05,0.0163392,0.101934,13204.8,0.671509,0.259065,-1,0.2,318.449,3.30547e+06,1.61896,1.4143,1.62489,0.473639,-0.627048
270,78.0012,766.267,0.0981603,0.416667,0.208333,0.108668,0.397844,0.581424,-0.00867009,-15.5605,1e-05,0.0113143,0.101939,12888.9,0.68599,0.267386,-1,0.2,319.403,3.31776e+06,1.4382,1.10934,1.453,0.444897,-0.545377
271,75.3671,766.263,0.0979561,0.5,0.291667,0.108512,0.394842,0.422149,-0.00838652,-15.5595,1e-05,0.0112837,0.101945,12718.7,0.706275,0.259859,-1,0.2,320.37,3.33005e+06,1.42927,1.02666,1.45956,0.451159,-0.598292
272,71.1187,696.842,0.0968755,0.5,0.291667,0.108635,0.410636,0.513815,-0.00833842,-15.5586,1e-05,0.00961399,0.10195,12942.3,0.692022,0.257424,-1,0.2,321.321,3.34234e+06,1.32286,0.985759,1.31984,0.405643,-0.478174
273,77.7076,786.25,0.0982137,0.416667,0.25,0.108416,0.386548,0.357944,-0.00896766,-15.5575,1e-05,0.0054056,0.101958,10058.6,0.815197,0.406447,-1,0.2,322.544,3.35462e+06,1.4545,1.11848,1.49598,0.453623,-0.637196
274,99.5389,922.947,0.0979996,0.708333,0.0833333,0.110688,0.389591,0.535325,-0.0108671,-15.5559,1e-05,0.0113302,0.101967,9086.6,0.970759,0.381562,-1,0.2,323.898,3.36691e+06,1.76304,1.44095,1.74574,0.525581,-0.498358
275,59.6247,661.733,0.0958037,0.25,0.375,0.110751,0.415648,0.405335,-0.00857689,-15.5543,1e-05,0.0122705,0.101975,10729.5,0.833756,0.311502,-1,0.2,325.045,3.3792e+06,1.22229,0.729892,1.26019,0.408562,-0.639695
276,72.4095,782.056,0.0974343,0.5,0.25,0.111128,0.432362,0.54413,-0.00799341,-15.5529,1e-05,0.0110445,0.101984,9361.49,0.909659,0.402953,-1,0.2,326.358,3.39149e+06,1.42293,0.90542,1.49228,0.465657,-0.665813
277,59.1223,658.083,0.0985181,0.25,0.25,0.110247,0.385879,0.239859,-0.00799601,-15.5514,1e-05,0.00672576,0.101992,9898.16,0.854742,0.386701,-1,0.2,327.601,3.40378e+06,1.21378,0.636684,1.25038,0.390339,-0.535075
278,96.7256,936.368,0.0999134,0.708333,0.0833333,0.110388,0.369756,0.3017,-0.00748557,-15.5499,1e-05,0.0140765,0.102002,9431.91,0.983869,0.318942,-1,0.2,328.906,3.41606e+06,1.75978,1.36535,1.7847,0.540032,-0.613587
279,80.6551,838.176,0.0987361,0.541667,0.166667,0.11143,0.390679,0.316441,-0.00906615,-15.5482,1e-05,0.00567466,0.10201,9902.65,0.828289,0.412591,-1,0.2,330.148,3.42835e+06,1.54769,1.03021,1.59545,0.501348,-0.641942
280,57.4118,612.857,0.0973725,0.291667,0.291667,0.112722,0.416939,0.41172,-0.00761419,-15.5468,1e-05,0.011288,0.102018,9247.6,0.938858,0.38992,-1,0.2,331.478,3.44064e+06,1.11323,0.758874,1.16825,0.353765,-0.523528
281,78.335,810.857,0.0991318,0.416667,0.166667,0.111169,0.396302,0.246589,-0.00962119,-15.5456,1e-05,0.010416,0.102023,9917.67,0.888283,0.350717,-1,0.2,332.719,3.45293e+06,1.52592,0.873057,1.54467,0.490302,-0.517196
282,78.2714,825.214,0.0994875,0.416667,0.166667,0.110603,0.373247,0.22713,-0.00761825,-15.5447,1e-05,0.00982519,0.102028,10461.9,0.786408,0.388136,-1,0.2,333.894,3.46522e+06,1.52401,1.00456,1.56726,0.471531,-0.653784
283,74.6001,750.6,0.0991241,0.416667,0.208333,0.111279,0.400151,0.295777,-0.00682888,-15.5438,1.5e-05,0.00267936,0.102034,9190.18,0.988696,0.348383,-1,0.2,335.233,3.4775e+06,1.38883,0.982505,1.42469,0.436225,-0.502242
284,68.5325,674.857,0.098601,0.166667,0.125,0.110802,0.396695,0.241428,-0.00960583,-15.5425,1.5e-05,0.0109261,0.102044,9197.03,0.903848,0.432235,-1,0.2,336.571,3.48979e+06,1.29408,0.916938,1.2826,0.399084,-0.466076
285,90.0741,886.833,0.0982801,0.625,0.125,0.111752,0.406189,0.349665,-0.0083866,-15.5409,1.5e-05,0.0121078,0.102051,10683.2,0.840759,0.309453,-1,0.2,337.723,3.50208e+06,1.65761,1.20792,1.68584,0.517158,-0.564831
286,71.7472,771,0.0991785,0.333333,0.166667,0.112656,0.390076,0.301831,-0.0092408,-15.5393,1.5e-05,0.00780817,0.102062,10235.7,0.809735,0.390773,-1,0.2,338.924,3.51437e+06,1.42663,0.803379,1.46695,0.453875,-0.563467
287,70.6561,727.615,0.0979095,0.333333,0.208333,0.113274,0.410007,0.346224,-0.008752,-15.5372,1.5e-05,0.0188714,0.102075,10029.2,0.853965,0.371258,-1,0.2,340.151,3.52666e+06,1.3362,0.952726,1.38674,0.419473,-0.562332
288,68.9377,668.812,0.0985734,0.375,0.291667,0.11458,0.402997,0.293354,-0.00964582,-15.5348,1.5e-05,0.0056692,0.102088,9853.28,0.902215,0.344882,-1,0.2,341.399,3.53894e+06,1.26884,0.960897,1.26269,0.376442,-0.421982
289,77.1465,851.889,0.0990799,0.25,0.125,0.113847,0.378771,0.180994,-0.0101358,-15.5327,1.5e-05,0.00795408,0.1021,11868.8,0.75511,0.280212,-1,0.2,342.436,3.55123e+06,1.49935,0.872677,1.6313,0.509781,-0.655786
290,100.43,1000,0.0985954,0.375,0,0.113551,0.392745,0.221859,-0.00949233,-15.5309,1.5e-05,0.0103576,0.102108,12223.2,0.648721,0.356579,-1,0.2,343.443,3.56352e+06,1.90042,1.23258,1.89904,0.562012,-0.572533
291,68.5506,679.385,0.0980661,0.333333,0.208333,0.11412,0.408042,0.379835,-0.00992998,-15.5294,1.5e-05,0.017579,0.102118,8673.17,1.04571,0.371075,-1,0.2,344.861,3.57581e+06,1.25603,1.01348,1.27962,0.372047,-0.49365
292,73.0358,765.409,0.0984024,0.625,0.291667,0.115401,0.406432,0.225391,-0.00793013,-15.5275,1.5e-05,0.0108591,0.102129,9801.47,0.881698,0.371992,-1,0.2,346.116,3.5881e+06,1.40026,0.880316,1.45826,0.45007,-0.537117
293,91.8675,931.455,0.0992259,0.416667,0.0416667,0.11528,0.382246,0.227403,-0.00923035,-15.5257,1.5e-05,0.0130591,0.102139,11348.9,0.750674,0.332077,-1,0.2,347.2,3.60038e+06,1.73182,1.13876,1.76924,0.51241,-0.558856
294,77.1043,785,0.100221,0.208333,0.125,0.114953,0.374867,0.158812,-0.0101948,-15.524,1.5e-05,0.00833459,0.102147,13372.1,0.647836,0.271091,-1,0.2,348.12,3.61267e+06,1.46001,1.07216,1.48921,0.43351,-0.599678
295,94.4455,889.692,0.100211,0.458333,0.0833333,0.115905,0.372728,0.144062,-0.00899351,-15.5226,1.5e-05,0.0113348,0.102156,13108.3,0.677887,0.259538,-1,0.2,349.058,3.62496e+06,1.67557,1.36668,1.68018,0.478894,-0.479054
296,98.3519,953.4,0.10028,0.791667,0.0416667,0.116537,0.378543,0.193329,-0.00826858,-15.5205,1.5e-05,0.0148473,0.102171,9670.41,0.880447,0.390233,-1,0.2,350.33,3.63725e+06,1.77758,1.35093,1.80181,0.506669,-0.519395
297,86.1086,840.133,0.0999051,0.5,0.125,0.117689,0.380197,0.227142,-0.00901801,-15.5181,1.5e-05,0.0103392,0.102183,9389.04,0.948829,0.359931,-1,0.2,351.64,3.64954e+06,1.55735,1.14719,1.59269,0.470235,-0.462036
298,80.5072,839.333,0.0990697,0.458333,0.166667,0.117481,0.406956,0.192088,-0.0099954,-15.516,1.5e-05,0.0129738,0.102196,10414.1,0.889718,0.29022,-1,0.2,352.822,3.66182e+06,1.48962,1.05478,1.60075,0.485406,-0.605203
299,84.0249,840.769,0.100301,0.416667,0.125,0.115843,0.380187,0.137565,-0.00958736,-15.5137,1.5e-05,0.00968191,0.102208,9400.63,0.930181,0.376966,-1,0.2,354.13,3.67411e+06,1.55867,1.08008,1.59562,0.453684,-0.486812
300,97.8705,919.167,0.0998117,0.666667,0.0833333,0.115476,0.380137,0.144411,-0.00873673,-15.5119,1.5e-05,0.00806653,0.102217,9398.27,0.944038,0.363437,-1,0.2,355.439,3.6864e+06,1.74103,1.37939,1.73983,0.487644,-0.454376
301,96.2788,934.214,0.0992565,0.541667,0.0416667,0.11788,0.396495,0.240962,-0.00982452,-15.5104,1e-05,0.0236714,0.102225,13319.7,0.676279,0.246264,-1,0.2,357.827,3.69869e+06,1.77891,1.18147,1.76219,0.538149,-0.446783
302,88.801,890.818,0.100019,0.75,0.166667,0.118436,0.38712,0.202259,-0.00880519,-15.509,1e-05,0.00685165,0.102232,10476.9,0.802086,0.37078,-1,0.2,359.001,3.71098e+06,1.66691,1.08906,1.68482,0.49972,-0.50046
303,72.2843,730.25,0.0990638,0.333333,0.166667,0.120389,0.399685,0.135015,-0.00920475,-15.5076,1e-05,0.00592752,0.102241,9672.59,0.885738,0.384656,-1,0.2,360.273,3.72326e+06,1.34375,0.962264,1.38988,0.419942,-0.501621
304,88.94,901.278,0.0995425,0.666667,0.0833333,0.119785,0.402324,0.21904,-0.00673372,-15.5058,1e-05,0.00905756,0.102251,9300.95,0.950121,0.371035,-1,0.2,361.595,3.73555e+06,1.6883,1.02107,1.70974,0.502077,-0.474182
305,79.2243,804.353,0.0991829,0.541667,0.166667,0.120248,0.398562,0.208808,-0.00861477,-15.504,1e-05,0.0120565,0.102262,10006.3,0.878118,0.349914,-1,0.2,362.825,3.74784e+06,1.514,0.935533,1.5222,0.446177,-0.456695
306,86.0102,886.222,0.100246,0.625,0.125,0.12089,0.382179,0.114702,-0.00931965,-15.5024,1e-05,0.0065527,0.102269,8898.02,1.00251,0.378475,-1,0.2,364.207,3.76013e+06,1.62205,0.95651,1.68233,0.521441,-0.481824
307,61.1103,667.545,0.100337,0.291667,0.166667,0.120442,0.386441,0.129377,-0.00651689,-15.5014,1e-05,0.00652691,0.102274,9237.37,0.9593,0.370949,-1,0.2,365.539,3.77242e+06,1.23474,0.544975,1.2642,0.395332,-0.383733
308,105.603,1000,0.101017,0.541667,0,0.119823,0.375253,0.162437,-0.00691673,-15.5003,1.5e-05,0.00477517,0.102281,10830.2,0.812088,0.322516,-1,0.2,366.675,3.7847e+06,1.87459,1.3997,1.89519,0.547098,-0.436436
309,74.3952,749.091,0.0995629,0.25,0.208333,0.122255,0.397879,0.159027,-0.00931563,-15.4988,1.5e-05,0.0199839,0.102292,9554.15,0.907656,0.378486,-1,0.2,367.962,3.79699e+06,1.38851,1.02588,1.42954,0.416651,-0.540821
310,74.2452,718.9,0.100058,0.291667,0.125,0.122169,0.385199,0.113042,-0.00885789,-15.4971,1.5e-05,0.00628143,0.1023,7844.54,1.14076,0.425683,-1,0.2,369.53,3.80928e+06,1.32341,1.04728,1.3607,0.377938,-0.397064
311,89.7582,918.769,0.100532,0.458333,0.0833333,0.121575,0.378841,0.096399,-0.00926723,-15.4956,1.5e-05,0.0126795,0.102309,9501.58,0.898882,0.394376,-1,0.2,370.825,3.82157e+06,1.66616,1.04102,1.74443,0.503538,-0.467238
312,70.7797,746.833,0.0992038,0.541667,0.208333,0.122111,0.403719,0.183383,-0.00913838,-15.494,1.5e-05,0.00724617,0.102319,9534.77,0.941287,0.34747,-1,0.2,372.115,3.83386e+06,1.36299,0.73993,1.42105,0.450532,-0.435517
313,89.4756,929.312,0.101143,0.583333,0.0833333,0.120825,0.366362,0.0761167,-0.00686058,-15.4924,1.5e-05,0.0112523,0.102327,10307.4,0.902113,0.290036,-1,0.2,373.309,3.84614e+06,1.72633,0.955414,1.75779,0.519161,-0.484916
314,105.436,1000,0.100624,0.5,0,0.12296,0.373469,0.137366,-0.0090425,-15.4908,1.5e-05,0.0159933,0.102337,9047.58,0.947948,0.410206,-1,0.2,374.668,3.85843e+06,1.90905,1.35134,1.88719,0.537171,-0.412962
315,79.8781,846.833,0.100089,0.625,0.125,0.123336,0.39346,0.109897,-0.00858832,-15.4888,1.5e-05,0.0153701,0.102349,9150.43,0.98329,0.359597,-1,0.2,376.013,3.87072e+06,1.50292,0.87389,1.60995,0.474259,-0.467125
316,82.4259,856.846,0.100367,0.458333,0.0833333,0.123766,0.377788,0.142094,-0.00791487,-15.4871,1.5e-05,0.0152749,0.102358,10498.3,0.877487,0.292991,-1,0.2,377.185,3.88301e+06,1.59221,0.82884,1.62017,0.467048,-0.386969
317,99.1388,944.176,0.100451,0.666667,0.0416667,0.124297,0.369137,0.14449,-0.00970448,-15.4856,1.5e-05,0.0175105,0.102366,11456.8,0.805787,0.266765,-1,0.2,378.261,3.8953e+06,1.74692,1.30944,1.7839,0.516876,-0.400198
318,89.0572,900.059,0.100582,0.583333,0.125,0.124273,0.372182,0.0708113,-0.00745327,-15.4842,2.25e-05,0.0042685,0.102373,10012.9,0.8343,0.392916,-1,0.2,379.489,3.90758e+06,1.66486,1.06187,1.70724,0.512197,-0.493314
319,103.563,1000,0.10057,0.541667,0,0.123908,0.383276,0.118192,-0.00794132,-15.4826,1.5e-05,0.0222002,0.102384,8780.97,1.03343,0.365962,-1,0.2,380.89,3.91987e+06,1.84738,1.28489,1.89636,0.570251,-0.420721
320,81.3246,793.056,0.100343,0.583333,0.166667,0.126411,0.378279,0.0551601,-0.00886863,-15.4809,1.5e-05,0.0110754,0.102394,8989.94,1.03921,0.327652,-1,0.2,382.258,3.93216e+06,1.44049,1.09946,1.50341,0.42853,-0.405665
321,104.135,1000,0.100862,0.458333,0,0.127998,0.367845,0.0598744,-0.0079693,-15.4791,1.5e-05,0.011018,0.102404,10793,0.844727,0.293788,-1,0.2,383.398,3.94445e+06,1.89457,1.33484,1.89067,0.519039,-0.432374
322,104.185,1000,0.100366,0.375,0,0.129338,0.380575,0.0883684,-0.00791672,-15.4774,1.5e-05,0.0128522,0.102413,12782.2,0.697595,0.263743,-1,0.2,384.361,3.95674e+06,1.84712,1.41083,1.89322,0.514765,-0.4567
323,95.0401,927.077,0.100021,0.5,0.0416667,0.130925,0.378117,0.0350249,-0.00694913,-15.4761,1.5e-05,0.0119142,0.102417,12753.3,0.700089,0.263427,-1,0.2,385.326,3.96902e+06,1.69588,1.21228,1.76143,0.514833,-0.432421
324,107.658,1000,0.100122,0.333333,0,0.131815,0.383979,0.0548909,-0.00847798,-15.4756,1.5e-05,0.010392,0.102421,13021.1,0.680004,0.263693,-1,0.2,386.27,3.98131e+06,1.89731,1.51989,1.89177,0.511403,-0.43749
325,91.4443,875,0.0995334,0.25,0.0416667,0.132096,0.392975,0.0634971,-0.00832032,-15.4747,1.5e-05,0.0183961,0.102426,12282.4,0.710124,0.290332,-1,0.2,387.272,3.9936e+06,1.59962,1.29161,1.65612,0.439708,-0.414842
326,74.8095,826.545,0.0989642,0.375,0.0833333,0.133229,0.39519,0.0729408,-0.00895528,-15.4738,1.5e-05,0.0156813,0.102433,10809.4,0.784877,0.351915,-1,0.2,388.411,4.00589e+06,1.42546,0.681159,1.57363,0.478679,-0.418457
327,95.0947,1000,0.0996683,0.541667,0,0.131377,0.391651,0.149661,-0.0078143,-15.4721,1.5e-05,0.0131842,0.102445,11701.6,0.773761,0.276354,-1,0.2,389.462,4.01818e+06,1.78924,0.91775,1.90639,0.566047,-0.424694
328,81.0484,847.8,0.0997145,0.5,0.125,0.131197,0.396064,0.0361776,-0.00686896,-15.4703,1.5e-05,0.0175047,0.102451,11966.2,0.744569,0.282325,-1,0.2,390.49,4.03046e+06,1.51014,0.876405,1.60886,0.475314,-0.418304
329,102.005,1000,0.100218,0.458333,0,0.130842,0.381063,0.041283,-0.00930585,-15.4698,1.5e-05,0.0105219,0.10245,12574.5,0.718279,0.258936,-1,0.2,391.469,4.04275e+06,1.85066,1.2467,1.90033,0.541874,-0.439299
330,91.5617,1000,0.100264,0.333333,0,0.13158,0.381191,0.0444167,-0.00813831,-15.4699,1.5e-05,0.0126017,0.102453,12859,0.681887,0.273707,-1,0.2,392.425,4.05504e+06,1.73859,0.796336,1.91487,0.574457,-0.446169
331,94.5125,904.3,0.100048,0.375,0.0416667,0.131788,0.385497,0.0309114,-0.00828654,-15.4691,1.5e-05,0.0104763,0.102458,12261.2,0.733964,0.268218,-1,0.2,393.429,4.06733e+06,1.63576,1.22359,1.71485,0.537294,-0.385877
332,108.71,1000,0.100067,0.333333,0,0.132044,0.385926,0.033059,-0.00838886,-15.4681,1.5e-05,0.0117264,0.102465,12779.4,0.695169,0.266378,-1,0.2,394.392,4.07962e+06,1.91419,1.47254,1.88697,0.574999,-0.413218
333,83.2564,847.091,0.099507,0.375,0.0833333,0.133725,0.396368,0.0755509,-0.00839568,-15.4667,1.5e-05,0.0089652,0.102473,11084.3,0.794505,0.314088,-1,0.2,395.501,4.0919e+06,1.53178,0.945201,1.60747,0.482205,-0.403826
334,94.9853,956.818,0.0997123,0.875,0.0416667,0.133578,0.393878,0.0942708,-0.00827988,-15.4653,1.5e-05,0.0128884,0.102481,10433.6,0.857605,0.320129,-1,0.2,396.681,4.10419e+06,1.75183,1.05497,1.81428,0.543319,-0.415133
335,93.6806,921.083,0.0995737,0.458333,0.0416667,0.133437,0.386644,0.0631858,-0.00764374,-15.4639,1.5e-05,0.00989618,0.102489,10541.3,0.877229,0.288473,-1,0.2,397.849,4.11648e+06,1.70583,1.11373,1.74828,0.506185,-0.389989
336,91.4473,926.231,0.0999688,0.5,0.0416667,0.133398,0.382007,0.0324521,-0.00813206,-15.4626,1.5e-05,0.00757538,0.102496,11931,0.759943,0.269979,-1,0.2,398.88,4.12877e+06,1.7073,1.02806,1.76178,0.504807,-0.429578
337,99.2791,1000,0.0999812,0.541667,0,0.133793,0.381769,0.0416335,-0.00820206,-15.4614,1.5e-05,0.0117808,0.102502,11421.5,0.752978,0.322891,-1,0.2,399.957,4.14106e+06,1.74754,1.18433,1.89323,0.566315,-0.427452
338,100.323,931.643,0.0992702,0.541667,0.0416667,0.135549,0.399798,0.0956487,-0.00799222,-15.4602,1.5e-05,0.0139859,0.102511,12371.8,0.729994,0.263232,-1,0.2,400.951,4.15334e+06,1.75485,1.40424,1.75897,0.494815,-0.396732
339,98.6787,913.909,0.0994358,0.416667,0.0416667,0.136363,0.392622,0.0350151,-0.00864374,-15.4585,1.5e-05,0.0057226,0.10252,12810.4,0.689509,0.26971,-1,0.2,401.912,4.16563e+06,1.7131,1.4021,1.73009,0.486552,-0.397908
340,100.421,1000,0.0993851,0.583333,0,0.137361,0.392965,0.0280457,-0.00927773,-15.4573,1.5e-05,0.0128247,0.102525,12645.9,0.703586,0.268114,-1,0.2,402.885,4.17792e+06,1.87124,1.1021,1.898,0.565278,-0.415556
341,100.789,1000,0.0992441,0.416667,0,0.138886,0.392927,0.0257131,-0.00510595,-15.4564,1.5e-05,0.0083298,0.102529,10757.7,0.852553,0.289699,-1,0.2,404.028,4.19021e+06,1.86841,1.15632,1.90123,0.527189,-0.413701
342,97.236,1000,0.0992245,0.625,0,0.138586,0.394144,0.0260785,-0.00654915,-15.456,1.5e-05,0.0107855,0.10253,11731.6,0.761384,0.286043,-1,0.2,405.077,4.2025e+06,1.78358,1.0571,1.89594,0.549319,-0.424134
343,103.797,1000,0.0989702,0.75,0,0.139146,0.396989,0.0276653,-0.00932026,-15.4559,1.5e-05,0.0141422,0.102532,10959.4,0.846736,0.274497,-1,0.2,406.2,4.21478e+06,1.82919,1.32593,1.90141,0.550839,-0.417516
344,95.4928,1000,0.0987138,0.458333,0,0.13917,0.408302,0.0641629,-0.00612177,-15.4554,1.5e-05,0.00981436,0.102535,10672,0.878228,0.273192,-1,0.2,407.353,4.22707e+06,1.81004,0.882414,1.91114,0.593427,-0.422377
345,92.5587,926.769,0.0982424,0.5,0.0416667,0.140131,0.410409,0.0870659,-0.0086437,-15.4545,1e-05,0.0225917,0.102543,12472.5,0.725449,0.25976,-1,0.2,408.339,4.23936e+06,1.63802,1.11074,1.76561,0.527845,-0.414266
346,99.8174,953.75,0.0982894,0.791667,0.0416667,0.141805,0.409401,0.0994,-0.00601392,-15.453,1e-05,0.011343,0.102552,11543.3,0.803522,0.260989,-1,0.2,409.405,4.25165e+06,1.80621,1.31039,1.80352,0.482816,-0.412064
347,94.5871,944.059,0.0980908,0.666667,0.0416667,0.143453,0.417426,0.117758,-0.00705076,-15.4514,1e-05,0.0126403,0.10256,10532.3,0.859908,0.306785,-1,0.2,410.573,4.26394e+06,1.69171,1.13023,1.79486,0.518473,-0.405917
348,92.0379,872.467,0.0980115,0.541667,0.0833333,0.144052,0.420244,0.048731,-0.00703088,-15.4502,1e-05,0.0092879,0.102566,11865.3,0.766505,0.269123,-1,0.2,411.609,4.27622e+06,1.58532,1.25906,1.65608,0.476121,-0.374683
349,100.091,920.667,0.098061,0.458333,0.0416667,0.144932,0.420911,0.0502219,-0.0073196,-15.4492,1e-05,0.00712579,0.102571,9493.73,0.900989,0.393339,-1,0.2,412.905,4.28851e+06,1.71489,1.4228,1.75057,0.505566,-0.38927
350,91.2137,905.4,0.0973143,0.375,0.0416667,0.147143,0.433485,0.0558812,-0.00794354,-15.4482,1e-05,0.00622255,0.102578,9210.32,0.975782,0.358374,-1,0.2,414.242,4.3008e+06,1.64241,1.10598,1.72286,0.479697,-0.390261
351,80.7286,928.167,0.0976803,0.458333,0.0416667,0.146971,0.423338,0.0238133,-0.00744524,-15.447,1e-05,0.00649092,0.102584,9795.57,0.941703,0.312741,-1,0.2,415.497,4.31309e+06,1.56109,0.580391,1.77056,0.537781,-0.413387
352,87.4261,880,0.0975416,0.291667,0.0416667,0.147262,0.427968,0.0409208,-0.00687835,-15.4464,1e-05,0.0108966,0.102585,9322.62,0.907734,0.410351,-1,0.2,416.817,4.32538e+06,1.56961,1.04641,1.67121,0.48712,-0.403042
353,97.3163,1000,0.0977212,0.416667,0,0.147671,0.423344,0.0295778,-0.00725928,-15.4462,1e-05,0.010346,0.102587,8823.36,1.00573,0.386939,-1,0.2,418.211,4.33766e+06,1.9248,0.913749,1.89385,0.540649,-0.40723
354,93.3134,952.9,0.0975398,0.791667,0.0416667,0.14892,0.427873,0.052014,-0.00829354,-15.4455,1e-05,0.00955607,0.102593,8549.84,1.08559,0.351631,-1,0.2,419.649,4.34995e+06,1.69363,1.02079,1.80797,0.549914,-0.406643
355,95.3517,940.812,0.0973874,0.625,0.0416667,0.149088,0.431228,0.0317294,-0.00827134,-15.4445,1e-05,0.00565766,0.102598,8598.92,0.979463,0.449553,-1,0.2,421.08,4.36224e+06,1.68425,1.17198,1.78594,0.53141,-0.406001
356,104.927,1000,0.0976028,0.458333,0,0.148495,0.426348,0.056373,-0.00748623,-15.4434,1e-05,0.013551,0.102607,8949.67,0.986277,0.386734,-1,0.2,422.454,4.37453e+06,1.79768,1.42515,1.90395,0.538485,-0.418894
357,95.8792,944.235,0.0975939,0.666667,0.0416667,0.147959,0.425906,0.0277729,-0.0068507,-15.4418,1e-05,0.0109346,0.102613,9037.03,0.96544,0.394299,-1,0.2,423.815,4.38682e+06,1.67402,1.21394,1.79465,0.512165,-0.400816
358,99.8088,1000,0.0978801,0.458333,0,0.14783,0.422349,0.0256972,-0.00670524,-15.441,1e-05,0.00937822,0.102617,8664.54,0.971528,0.446666,-1,0.2,425.235,4.3991e+06,1.88451,1.07945,1.89422,0.54604,-0.413787
359,97.1885,932.571,0.0972132,0.541667,0.0416667,0.149114,0.435135,0.0404299,-0.0082901,-15.4405,1e-05,0.0106407,0.102619,9174.23,0.965747,0.373657,-1,0.2,426.576,4.41139e+06,1.70056,1.25247,1.76337,0.54496,-0.401936
360,97.6578,1000,0.0976533,0.625,0,0.148467,0.425548,0.0467639,-0.00658336,-15.4401,1e-05,0.0098099,0.102623,9611.38,0.911583,0.366902,-1,0.2,427.855,4.42368e+06,1.79025,1.02306,1.89884,0.581824,-0.411092
361,91.4654,952,0.0972861,0.791667,0.0416667,0.147804,0.429058,0.03117,-0.00806291,-15.4391,1e-05,0.00606667,0.102629,9193.5,0.990633,0.345964,-1,0.2,429.193,4.43597e+06,1.5786,1.00705,1.81734,0.570891,-0.400607
362,94.4466,1000,0.09775,0.5,0,0.145819,0.424907,0.0242302,-0.00737024,-15.4382,1e-05,0.00987352,0.102633,8692.34,1.00631,0.407347,-1,0.2,430.608,4.44826e+06,1.76629,0.90592,1.90038,0.562519,-0.412777
363,92.6957,1000,0.0978301,0.375,0,0.14505,0.423548,0.023438,-0.00647902,-15.4375,1e-05,0.0127714,0.102638,9867.76,0.926875,0.318393,-1,0.2,431.855,4.46054e+06,1.66633,0.932766,1.90609,0.544848,-0.415249
364,91.683,1000,0.0978386,0.458333,0,0.144541,0.423095,0.0841019,-0.00653941,-15.4365,1e-05,0.0109822,0.102645,9330.57,0.956047,0.360914,-1,0.2,433.174,4.47283e+06,1.77036,0.752171,1.89795,0.574812,-0.411133
365,89.1776,905.3,0.0976428,0.375,0.0416667,0.144355,0.425762,0.0441453,-0.00644579,-15.4353,1e-05,0.0110137,0.10265,8527.25,1.05745,0.383581,-1,0.2,434.616,4.48512e+06,1.65094,0.951965,1.7158,0.528073,-0.387888
366,88.2653,882.125,0.0976204,0.291667,0.0416667,0.144364,0.427405,0.0248191,-0.00672262,-15.4345,1e-05,0.0150333,0.102654,9475.12,0.899235,0.397635,-1,0.2,435.914,4.49741e+06,1.63046,0.98571,1.66115,0.518466,-0.382524
367,94.9223,1000,0.0979094,0.333333,0,0.144201,0.418233,0.019785,-0.00805845,-15.4338,1e-05,0.00989684,0.102658,9063.83,0.983303,0.372415,-1,0.2,437.271,4.5097e+06,1.75868,0.934641,1.89845,0.567792,-0.413447
368,99.0782,1000,0.0978522,0.541667,0,0.143638,0.422398,0.0580743,-0.00611863,-15.4332,1e-05,0.00540339,0.102662,7979.48,1.16968,0.370276,-1,0.2,438.813,4.52198e+06,1.79811,1.10439,1.89179,0.573676,-0.414048
369,91.8389,921,0.0975047,0.458333,0.0416667,0.143687,0.423465,0.0249904,-0.00838577,-15.4327,1e-05,0.0110856,0.102663,8410.05,1.07568,0.38543,-1,0.2,440.276,4.53427e+06,1.67273,1.0739,1.74344,0.500331,-0.398458
370,105.916,1000,0.0975844,0.458333,0,0.143157,0.424229,0.0462508,-0.00630154,-15.4324,1e-05,0.00773324,0.102667,7342.79,1.30392,0.369561,-1,0.2,441.951,4.54656e+06,1.7809,1.49803,1.89298,0.537711,-0.413804
371,86.911,937.067,0.0975176,0.583333,0.0416667,0.143173,0.420432,0.0624659,-0.00767982,-15.4314,1e-05,0.00796446,0.102673,9831.56,0.945144,0.304709,-1,0.2,443.202,4.55885e+06,1.63529,0.803578,1.77511,0.535751,-0.404182
372,88.4446,862.429,0.0975956,0.25,0.0416667,0.142566,0.423737,0.0280474,-0.0071349,-15.4304,1e-05,0.0103912,0.102677,9360.63,0.914975,0.397757,-1,0.2,444.516,4.57114e+06,1.54891,1.17069,1.62852,0.454773,-0.380661
373,105.958,1000,0.0976513,0.375,0,0.142365,0.420828,0.0249572,-0.00679056,-15.43,1e-05,0.011572,0.102679,8184.12,1.10229,0.399152,-1,0.2,446.019,4.58342e+06,1.83978,1.40906,1.88594,0.572123,-0.408986
374,96.5974,1000,0.097507,0.333333,0,0.142195,0.423451,0.0680034,-0.00710631,-15.4295,1e-05,0.0122075,0.102683,9002.97,1.00747,0.357417,-1,0.2,447.385,4.59571e+06,1.76903,1.04165,1.89392,0.535526,-0.410261
375,89.7643,909.524,0.0969895,0.791667,0.0833333,0.140952,0.428466,0.060949,-0.00739278,-15.4287,1e-05,0.0123034,0.102688,9898.25,0.886666,0.354766,-1,0.2,448.628,4.608e+06,1.68724,1.00216,1.71415,0.476702,-0.392034
376,98.7144,1000,0.0976707,0.5,0,0.142509,0.420177,0.0308617,-0.00721429,-15.428,1e-05,0.0209669,0.102691,7940.86,1.12695,0.420493,-1,0.2,450.177,4.62029e+06,1.68421,1.2294,1.89338,0.542308,-0.413573
377,96.6607,926.308,0.0969515,0.5,0.0416667,0.14139,0.43287,0.0555278,-0.00764662,-15.4277,1e-05,0.00756539,0.102692,8521.37,1.04112,0.400899,-1,0.2,451.62,4.63258e+06,1.64032,1.32036,1.75496,0.50953,-0.392123
378,96.7276,1000,0.097109,0.416667,0,0.141483,0.429724,0.0288501,-0.00648712,-15.4273,1e-05,0.018546,0.102695,10160.4,0.911345,0.298052,-1,0.2,452.831,4.64486e+06,1.84992,0.921984,1.89666,0.577241,-0.409433
379,93.7758,1000,0.096859,0.666667,0,0.141551,0.442228,0.0831972,-0.00739608,-15.4267,1e-05,0.00506639,0.102699,9578.45,0.877113,0.405767,-1,0.2,454.115,4.65715e+06,1.73487,0.929286,1.89241,0.543836,-0.411608
380,79.9505,854.211,0.0972031,0.666667,0.125,0.13946,0.431693,0.0976867,-0.00812935,-15.4257,1e-05,0.0112616,0.102707,8534.22,1.07552,0.364329,-1,0.2,455.557,4.66944e+06,1.52746,0.76326,1.61404,0.473712,-0.380945
381,85.5822,896.778,0.0975321,0.333333,0.0416667,0.13858,0.427862,0.0708379,-0.00571816,-15.4243,1e-05,0.00639945,0.102715,9222.38,0.988749,0.343662,-1,0.2,456.89,4.68173e+06,1.57607,0.885209,1.70474,0.50118,-0.388095
382,93.9022,926.231,0.0971537,0.5,0.0416667,0.137751,0.422618,0.0280471,-0.00519047,-15.423,1e-05,0.00980726,0.102721,10904.9,0.831729,0.295103,-1,0.2,458.018,4.69402e+06,1.7035,1.17921,1.74221,0.478957,-0.40877
383,96.4479,1000,0.0977908,0.5,0,0.137927,0.418868,0.0248876,-0.00626118,-15.4222,1e-05,0.0123071,0.102724,11179.9,0.785831,0.313289,-1,0.2,459.119,4.7063e+06,1.75246,1.01334,1.8983,0.573301,-0.41501
384,91.8981,1000,0.0979688,0.583333,0,0.136911,0.411516,0.0347736,-0.0074384,-15.4216,1e-05,0.00921483,0.102729,8205.2,1.12847,0.369121,-1,0.2,460.618,4.71859e+06,1.81458,0.753341,1.8965,0.538773,-0.408289
385,90.977,953,0.0977516,0.791667,0.0416667,0.136848,0.416237,0.0783216,-0.00685071,-15.4206,1e-05,0.0111778,0.102735,8767.48,1.02947,0.37207,-1,0.2,462.02,4.73088e+06,1.70475,0.923806,1.79899,0.521386,-0.400082
386,86.8922,839.5,0.0974417,0.208333,0.0416667,0.137906,0.414635,0.074374,-0.00761735,-15.4194,1e-05,0.0104459,0.102743,10049.1,0.880377,0.342418,-1,0.2,463.245,4.74317e+06,1.53911,1.15772,1.57677,0.456581,-0.385573
387,89.5396,943.647,0.0976361,0.666667,0.0416667,0.137766,0.417714,0.0564564,-0.00706577,-15.418,1e-05,0.00906883,0.102751,7371.96,1.15964,0.507221,-1,0.2,464.913,4.75546e+06,1.61273,0.961566,1.79483,0.507744,-0.399894
388,93.2936,952.5,0.0978664,0.791667,0.0416667,0.13746,0.409738,0.0379462,-0.0064517,-15.4166,1e-05,0.0126221,0.102758,7674.2,1.18236,0.418844,-1,0.2,466.516,4.76774e+06,1.69608,1.07395,1.79359,0.500623,-0.399556
389,99.483,1000,0.097674,0.75,0,0.137514,0.410395,0.032873,-0.00766191,-15.4157,1e-05,0.0164757,0.102761,8441.33,1.14812,0.307575,-1,0.2,467.973,4.78003e+06,1.78594,1.13479,1.887,0.576254,-0.409827
390,96.2767,1000,0.0974474,0.416667,0,0.137325,0.41668,0.0778587,-0.00648288,-15.415,1e-05,0.00579685,0.102768,8466.14,1.01377,0.437661,-1,0.2,469.425,4.79232e+06,1.7284,1.06397,1.88875,0.543062,-0.410339
391,81.8262,920.25,0.0973863,0.458333,0.0416667,0.135345,0.412792,0.0242516,-0.00821586,-15.4138,1e-05,0.0108695,0.102773,8154.78,1.12871,0.378142,-1,0.2,470.934,4.80461e+06,1.49522,0.711482,1.75962,0.526312,-0.401322
392,90.3067,1000,0.0977593,0.5,0,0.133308,0.406904,0.0289909,-0.00571194,-15.4131,1e-05,0.0099216,0.102777,8952.2,1.00273,0.369891,-1,0.2,472.308,4.8169e+06,1.81312,0.629324,1.89638,0.583143,-0.406638
393,94.8028,1000,0.0978928,0.333333,0,0.132956,0.402788,0.0263281,-0.00608434,-15.4125,1e-05,0.012779,0.102779,10775.5,0.860633,0.279734,-1,0.2,473.45,4.82918e+06,1.69741,0.96692,1.91279,0.574238,-0.411213
394,96.386,1000,0.0978596,0.375,0,0.132518,0.402349,0.0345963,-0.00681426,-15.412,1e-05,0.00708026,0.102783,11790.7,0.773362,0.268815,-1,0.2,474.493,4.84147e+06,1.77256,1.03668,1.88457,0.541297,-0.415811
395,94.35,1000,0.0979562,0.458333,0,0.131421,0.399923,0.0297727,-0.00742924,-15.4113,1e-05,0.0118265,0.102786,11722.7,0.766962,0.281261,-1,0.2,475.542,4.85376e+06,1.72792,0.944477,1.88644,0.568302,-0.40964
396,102.087,1000,0.0978741,0.833333,0,0.131276,0.400982,0.0402184,-0.00725314,-15.4108,1e-05,0.00967322,0.10279,10548,0.874913,0.290045,-1,0.2,476.708,4.86605e+06,1.79028,1.28885,1.8889,0.543748,-0.407428
397,97.9829,1000,0.0977892,0.541667,0,0.131151,0.400495,0.0326696,-0.00661858,-15.4099,1.5e-05,0.00377728,0.102795,11469.6,0.791337,0.280018,-1,0.2,477.781,4.87834e+06,1.81934,1.08269,1.88195,0.527084,-0.411917
398,101.397,1000,0.0977984,0.5,0,0.132802,0.401872,0.028973,-0.00597726,-15.4091,1e-05,0.0207319,0.102799,11589.8,0.749996,0.310244,-1,0.2,478.842,4.89062e+06,1.82197,1.26947,1.87539,0.512499,-0.40945
399,96.8092,936.867,0.0972294,0.583333,0.0416667,0.133349,0.412381,0.0424387,-0.00751267,-15.4086,1e-05,0.00845141,0.102801,11452,0.790407,0.282593,-1,0.2,479.917,4.90291e+06,1.66421,1.29933,1.7574,0.513489,-0.393966
400,95.577,1000,0.0974283,0.583333,0,0.134019,0.407478,0.043344,-0.00803901,-15.4084,1e-05,0.00912361,0.102803,11342.1,0.803227,0.28017,-1,0.2,481.002,4.9152e+06,1.81447,0.982163,1.8844,0.509599,-0.411782
401,99.6024,1000,0.0974762,0.75,0,0.134963,0.404255,0.0832917,-0.00719179,-15.4078,1e-05,0.0107058,0.102809,11299.6,0.824659,0.262809,-1,0.2,483.399,4.92749e+06,1.82881,1.15165,1.88012,0.526699,-0.407151
402,83.244,884.75,0.0969818,0.291667,0.0416667,0.136109,0.408722,0.0308924,-0.0072186,-15.4066,1e-05,0.0103707,0.102815,12796.3,0.706006,0.254271,-1,0.2,484.361,4.93978e+06,1.54494,0.869954,1.67097,0.486457,-0.41012
403,96.647,1000,0.0974945,0.916667,0,0.135181,0.401772,0.0322396,-0.00652988,-15.4056,1e-05,0.00767682,0.10282,11394.2,0.819544,0.258902,-1,0.2,485.44,4.95206e+06,1.78658,1.03843,1.88191,0.532536,-0.407113
404,101.289,1000,0.0976039,0.416667,0,0.135463,0.399269,0.0286185,-0.00538517,-15.4048,1e-05,0.00993392,0.102823,12056.1,0.742312,0.276919,-1,0.2,486.461,4.96435e+06,1.85929,1.19427,1.88527,0.535856,-0.410244
405,98.2202,1000,0.09738,0.333333,0,0.136108,0.403778,0.0323179,-0.00599304,-15.4046,1e-05,0.00937533,0.102823,11957.2,0.73929,0.288376,-1,0.2,487.49,4.97664e+06,1.83823,1.07881,1.88234,0.517337,-0.405697
406,102.558,1000,0.0968695,0.416667,0,0.136617,0.401315,0.130875,-0.00777254,-15.4043,1e-05,0.0150199,0.102829,11372,0.786305,0.294242,-1,0.2,488.572,4.98893e+06,1.85885,1.31076,1.87748,0.488301,-0.407509
407,86.5693,918.182,0.0969127,0.416667,0.0416667,0.137049,0.408361,0.0380817,-0.00509922,-15.4029,1e-05,0.005472,0.102836,10006.2,0.938882,0.289154,-1,0.2,489.801,5.00122e+06,1.59944,0.897746,1.7324,0.520209,-0.421337
408,98.3113,1000,0.0970704,0.291667,0,0.135715,0.408455,0.0596962,-0.00571914,-15.402,1e-05,0.00653956,0.10284,11632.4,0.75792,0.298442,-1,0.2,490.859,5.0135e+06,1.84048,1.08922,1.87963,0.513516,-0.40728
409,79.5699,866.429,0.0973482,0.25,0.0416667,0.136135,0.397063,0.029337,-0.00532659,-15.4013,1e-05,0.00958666,0.102844,11254.3,0.77025,0.3216,-1,0.2,491.952,5.02579e+06,1.5488,0.713175,1.6374,0.457657,-0.378534
410,94.0758,1000,0.097502,0.625,0,0.135294,0.391901,0.0255207,-0.00728512,-15.4007,1e-05,0.010843,0.102846,11291.3,0.807415,0.280856,-1,0.2,493.041,5.03808e+06,1.85748,0.843457,1.88084,0.531324,-0.409313
411,103.575,1000,0.097291,0.458333,0,0.136416,0.394476,0.0387627,-0.00671429,-15.4005,1.5e-05,0.00203277,0.102847,11897.8,0.759791,0.273003,-1,0.2,494.075,5.05037e+06,1.84578,1.33054,1.88299,0.525959,-0.406507
412,97.4575,1000,0.0969358,0.458333,0,0.138562,0.404377,0.0984112,-0.0059715,-15.4,1.5e-05,0.0102422,0.102853,12214.4,0.717601,0.288422,-1,0.2,495.082,5.06266e+06,1.86387,1.04778,1.86984,0.498591,-0.407204
413,86.0688,880.062,0.0961794,0.583333,0.0833333,0.138973,0.401894,0.0354259,-0.00673994,-15.3987,1.5e-05,0.0160874,0.10286,11493.7,0.799025,0.270083,-1,0.2,496.153,5.07494e+06,1.52374,1.07089,1.6603,0.441029,-0.392526
414,101.042,1000,0.0968677,0.333333,0,0.139368,0.399942,0.0254591,-0.0077218,-15.3977,1.5e-05,0.00857546,0.102866,12324.6,0.722429,0.274605,-1,0.2,497.151,5.08723e+06,1.84071,1.24654,1.87459,0.497699,-0.407439
415,93.9699,1000,0.0966761,0.208333,0,0.140098,0.401568,0.0261995,-0.00740564,-15.3968,1.5e-05,0.0103726,0.10287,12391.2,0.711135,0.280539,-1,0.2,498.144,5.09952e+06,1.79987,0.881316,1.88838,0.534215,-0.405279
416,94.317,913.545,0.0962355,0.416667,0.0416667,0.140687,0.406272,0.145907,-0.00718398,-15.3956,1.5e-05,0.00761352,0.102883,11884.2,0.762856,0.271121,-1,0.2,499.179,5.11181e+06,1.70496,1.20992,1.71801,0.470839,-0.387876
417,87.439,956.286,0.0965357,0.833333,0.0416667,0.14061,0.39959,0.0331413,-0.00741111,-15.3931,1.5e-05,0.0140864,0.102894,11167.7,0.798923,0.301398,-1,0.2,500.28,5.1241e+06,1.67287,0.835501,1.79911,0.466249,-0.401777
418,95.0123,1000,0.097169,0.458333,0,0.140007,0.39059,0.035852,-0.00748423,-15.3919,1.5e-05,0.0144205,0.102898,11792.4,0.76055,0.281473,-1,0.2,501.324,5.13638e+06,1.83059,0.936495,1.87788,0.512857,-0.407201
419,85.849,906.2,0.0962934,0.375,0.0416667,0.140288,0.403651,0.112627,-0.00726999,-15.3912,1.5e-05,0.00876942,0.102903,11142.4,0.822376,0.280438,-1,0.2,502.428,5.14867e+06,1.55223,0.924561,1.71017,0.489814,-0.384327
420,81.29,811.9,0.0964644,0.333333,0.0833333,0.141028,0.401008,0.0549365,-0.00861796,-15.3902,1.5e-05,0.0126521,0.102909,11671.9,0.763286,0.289503,-1,0.2,503.482,5.16096e+06,1.49877,1.0538,1.51446,0.37983,-0.382354
421,98.2571,955.571,0.0962096,0.833333,0.0416667,0.14263,0.407031,0.0775828,-0.00798292,-15.3891,1.5e-05,0.00899943,0.102916,11659.7,0.785728,0.268155,-1,0.2,504.537,5.17325e+06,1.78806,1.26032,1.79212,0.468403,-0.396046
422,99.2883,1000,0.0962839,0.583333,0,0.14389,0.400235,0.0824563,-0.00776663,-15.3878,1.5e-05,0.0149328,0.102923,11745,0.762407,0.283828,-1,0.2,505.584,5.18554e+06,1.82167,1.17864,1.88127,0.492857,-0.41003
423,88.6206,937.267,0.0965959,0.583333,0.0416667,0.143547,0.396937,0.0409324,-0.0060173,-15.3867,1.5e-05,0.0121107,0.102928,11549.4,0.79913,0.264822,-1,0.2,506.649,5.19782e+06,1.73772,0.857039,1.76255,0.467286,-0.393564
424,101.914,1000,0.0966369,0.541667,0,0.143622,0.393144,0.0353539,-0.00602034,-15.3859,1.5e-05,0.0103299,0.102933,8252.18,1.02877,0.46029,-1,0.2,508.14,5.21011e+06,1.78532,1.4014,1.86656,0.450887,-0.408444
425,105.599,1000,0.0965769,0.541667,0,0.142351,0.392867,0.0282645,-0.00698348,-15.3851,1.5e-05,0.00936779,0.102938,8748.77,1.04944,0.3551,-1,0.2,509.546,5.2224e+06,1.83282,1.48613,1.87391,0.494959,-0.407865
426,85.7544,914.091,0.0960542,0.416667,0.0416667,0.14244,0.401125,0.043242,-0.00809465,-15.3838,1e-05,0.0317739,0.102948,9015.75,1.01372,0.349228,-1,0.2,510.91,5.23469e+06,1.63943,0.875505,1.72128,0.449027,-0.397522
427,100.523,1000,0.0966516,0.666667,0,0.14205,0.391128,0.0339085,-0.00714338,-15.3826,1e-05,0.00802376,0.102949,8994.35,1.00846,0.357727,-1,0.2,512.278,5.24698e+06,1.77064,1.31787,1.87512,0.469578,-0.407044
428,84.2382,1000,0.096488,0.5,0,0.141444,0.392405,0.0320845,-0.00588809,-15.3827,1e-05,0.00901244,0.102949,8313.54,1.02504,0.453036,-1,0.2,513.757,5.25926e+06,1.65441,0.546763,1.88841,0.532943,-0.410621
429,93.1549,1000,0.0968586,0.75,0,0.139769,0.386782,0.0312471,-0.006379,-15.3824,1e-05,0.0136083,0.102953,8336.54,1.12597,0.348022,-1,0.2,515.233,5.27155e+06,1.76603,0.97154,1.8672,0.46384,-0.410869
430,93.519,1000,0.0968743,0.583333,0,0.139704,0.387379,0.0326014,-0.00652667,-15.3816,1e-05,0.016575,0.102956,9028.72,0.987552,0.373438,-1,0.2,516.595,5.28384e+06,1.77685,0.949594,1.87675,0.477989,-0.405228
431,99.2218,1000,0.0965448,0.708333,0,0.139931,0.396289,0.0694145,-0.00664882,-15.381,1e-05,0.0111277,0.102962,9257.41,0.987698,0.339671,-1,0.2,517.924,5.29613e+06,1.82558,1.20131,1.87316,0.468453,-0.407411
432,87.9139,916.636,0.0967631,0.416667,0.0416667,0.140091,0.386721,0.0298224,-0.0070703,-15.3799,1e-05,0.00702754,0.102967,8350.84,1.02163,0.449834,-1,0.2,519.397,5.30842e+06,1.70593,0.911253,1.72178,0.444413,-0.387678
433,96.9281,1000,0.0967075,0.541667,0,0.140505,0.385247,0.0291333,-0.00590376,-15.3793,1e-05,0.0129984,0.10297,8298.47,1.13464,0.346119,-1,0.2,520.879,5.3207e+06,1.79382,1.10254,1.86735,0.486957,-0.404265
434,105.197,1000,0.0965746,0.416667,0,0.140676,0.386364,0.0333121,-0.00666735,-15.3788,1e-05,0.0110279,0.102973,9672.26,0.969723,0.300715,-1,0.2,522.151,5.33299e+06,1.86675,1.49097,1.86807,0.4447,-0.410637
435,84.4969,1000,0.0966097,0.25,0,0.140627,0.385086,0.0337092,-0.00753521,-15.3781,1e-05,0.00631212,0.102977,9810.93,0.863357,0.389123,-1,0.2,523.405,5.34528e+06,1.76764,0.553311,1.86145,0.453982,-0.411534
436,102.159,1000,0.0964258,0.5,0,0.141207,0.385821,0.0275822,-0.00721449,-15.3773,1e-05,0.00730765,0.102982,8298.78,1.04148,0.439224,-1,0.2,524.887,5.35757e+06,1.82462,1.41579,1.86529,0.425255,-0.422999
437,92.4227,948.056,0.0958162,0.708333,0.0416667,0.141763,0.39456,0.0436773,-0.00756923,-15.3764,1e-05,0.0153733,0.102988,8819.8,1.08235,0.310881,-1,0.2,526.282,5.36986e+06,1.68586,1.12772,1.77848,0.430751,-0.401669
438,100.197,1000,0.0961107,0.541667,0,0.142479,0.391634,0.0856572,-0.00705768,-15.3752,1e-05,0.0112856,0.102994,9351.86,0.884393,0.429571,-1,0.2,527.597,5.38214e+06,1.79548,1.28717,1.87244,0.460411,-0.405632
439,86.788,916.455,0.0958115,0.416667,0.0416667,0.142702,0.393144,0.0451244,-0.00635483,-15.3743,1e-05,0.00816371,0.102999,7581.34,1.00227,0.618547,-1,0.2,529.219,5.39443e+06,1.61461,0.976023,1.71965,0.419569,-0.39046
440,94.7164,1000,0.0960612,0.625,0,0.141702,0.391233,0.0294161,-0.00592286,-15.3737,1e-05,0.00854279,0.103001,7035.77,1.39332,0.35318,-1,0.2,530.967,5.40672e+06,1.75658,1.04615,1.87463,0.465644,-0.407185
441,98.8191,1000,0.0959984,0.541667,0,0.140291,0.390945,0.032899,-0.00567183,-15.3733,1e-05,0.00668329,0.103004,8660.91,1.03571,0.383083,-1,0.2,532.387,5.41901e+06,1.61617,1.38969,1.88089,0.462227,-0.408019
442,95.0869,1000,0.0961547,0.625,0,0.139268,0.388352,0.0341627,-0.00693846,-15.3728,1e-05,0.0118857,0.103006,9201.77,0.967569,0.367826,-1,0.2,533.724,5.4313e+06,1.85112,0.980819,1.86955,0.462169,-0.409306
443,91.3761,1000,0.0959866,0.708333,0,0.13947,0.389708,0.0326049,-0.00665758,-15.3724,1e-05,0.0089334,0.10301,8194.39,1.14273,0.356837,-1,0.2,535.225,5.44358e+06,1.6936,0.934976,1.88144,0.466359,-0.407567
444,103.735,1000,0.095802,0.541667,0,0.139819,0.392915,0.029177,-0.00435869,-15.3718,1e-05,0.0126426,0.103012,8344.6,1.10462,0.367953,-1,0.2,536.699,5.45587e+06,1.83602,1.4375,1.86913,0.450231,-0.406119
445,95.5946,1000,0.0957031,0.708333,0,0.141673,0.394245,0.0348463,-0.00465744,-15.3715,1e-05,0.0143157,0.103013,8793.54,1.04746,0.349931,-1,0.2,538.098,5.46816e+06,1.7891,1.07445,1.87171,0.450917,-0.406459
446,97.0523,1000,0.0953813,0.375,0,0.140368,0.399601,0.040999,-0.00547834,-15.3713,1e-05,0.00555348,0.103015,8652.16,0.958185,0.462039,-1,0.2,539.52,5.48045e+06,1.67908,1.2233,1.88327,0.473899,-0.406932
447,104.295,1000,0.0952083,0.291667,0,0.140292,0.403322,0.0316309,-0.00733688,-15.3708,1.5e-05,0.00186406,0.103019,8107.31,1.09477,0.420901,-1,0.2,541.037,5.49274e+06,1.84443,1.49362,1.86676,0.414448,-0.404521
