iter,mean_ep_return,mean_ep_len,kl,lr,std,seconds
1,nan,nan,0.00000,1.000e-05,0.1000,1.0
2,-1.2995,44.15,0.00000,1.000e-05,0.1000,2.0
3,-1.3498,54.65,0.00000,1.000e-05,0.1000,3.1
4,-0.9999,61.63,0.00000,1.000e-05,0.1000,4.1
5,-0.5079,69.13,0.00000,1.000e-05,0.1000,5.0
6,0.0926,76.73,0.00000,1.000e-05,0.1000,6.0
7,0.8440,84.31,0.00000,1.000e-05,0.1000,7.0
8,1.3345,91.92,0.00000,1.000e-05,0.1000,8.0
9,2.0920,102.52,0.00000,1.000e-05,0.1000,9.0
10,2.6078,108.56,0.00000,1.000e-05,0.1000,10.0
11,2.9760,113.60,0.04190,1.000e-05,0.1000,11.0
12,3.3575,117.76,0.02209,1.000e-05,0.1000,12.0
13,4.0172,124.69,0.02728,1.000e-05,0.1000,13.0
14,4.2121,128.02,0.02373,1.000e-05,0.1000,14.0
15,4.3824,131.14,0.02882,1.000e-05,0.1000,15.0
16,4.5451,132.93,0.02678,1.000e-05,0.1000,15.9
17,4.8217,136.47,0.02239,1.000e-05,0.1001,16.9
18,5.1738,139.89,0.03259,1.000e-05,0.1001,17.9
19,5.6665,144.94,0.03058,1.000e-05,0.1001,19.5
20,5.7119,146.09,0.01942,1.000e-05,0.1001,20.7
21,5.9641,149.62,0.02193,1.000e-05,0.1001,22.0
22,6.3346,154.90,0.02406,1.000e-05,0.1001,23.2
23,7.1882,164.48,0.02444,1.000e-05,0.1001,24.5
24,7.6434,170.09,0.02981,1.000e-05,0.1001,25.6
25,7.8305,172.71,0.01872,1.000e-05,0.1001,26.5
26,8.3834,179.25,0.01284,1.000e-05,0.1001,27.5
27,9.2376,188.78,0.02451,1.000e-05,0.1001,28.4
28,10.1331,197.79,0.01909,1.000e-05,0.1001,29.7
29,10.4174,201.23,0.02129,1.000e-05,0.1001,31.1
30,10.6973,204.24,0.02100,1.000e-05,0.1001,32.3
31,11.1259,209.16,0.02033,1.000e-05,0.1001,33.3
32,11.4889,213.04,0.01837,1.000e-05,0.1002,34.5
33,11.9943,219.34,0.02232,1.000e-05,0.1002,35.9
34,12.4799,224.46,0.01595,1.000e-05,0.1002,37.0
35,12.9542,230.54,0.01816,1.000e-05,0.1002,38.0
36,13.6577,238.34,0.02213,1.000e-05,0.1002,38.9
37,14.0140,242.42,0.01326,1.000e-05,0.1002,39.8
38,14.2909,245.40,0.01761,1.000e-05,0.1002,40.7
39,14.4570,246.67,0.01555,1.000e-05,0.1002,41.7
40,14.5797,248.11,0.01944,1.000e-05,0.1002,42.6
41,15.2158,254.92,0.01283,1.000e-05,0.1002,43.6
42,56.4289,563.82,0.00971,1.000e-05,0.1002,45.0
43,56.7596,567.10,0.01674,1.000e-05,0.1002,46.3
44,59.6669,587.54,0.02748,1.000e-05,0.1002,47.6
45,60.8750,596.17,0.02427,1.000e-05,0.1003,48.7
46,62.5391,605.76,0.02041,1.000e-05,0.1003,49.7
47,64.9713,622.50,0.01503,1.000e-05,0.1003,50.8
48,67.4915,638.44,0.01700,1.000e-05,0.1003,51.7
49,67.2510,635.25,0.03076,1.000e-05,0.1003,52.7
50,67.1287,634.06,0.02776,1.000e-05,0.1003,53.6
51,68.0549,637.61,0.01724,1.000e-05,0.1003,54.6
52,68.3922,634.16,0.01507,1.000e-05,0.1003,55.7
53,69.3877,640.38,0.02062,1.000e-05,0.1003,56.8
54,69.2452,640.50,0.02058,1.000e-05,0.1003,57.8
55,66.6229,620.94,0.01397,1.000e-05,0.1003,58.8
56,63.6419,600.12,0.02472,1.000e-05,0.1003,59.8
57,58.4317,562.12,0.02199,1.000e-05,0.1003,60.9
58,55.3854,542.39,0.01709,1.000e-05,0.1004,62.3
59,51.9268,517.79,0.01611,1.000e-05,0.1004,63.4
60,50.0861,503.92,0.01724,1.000e-05,0.1004,64.4
61,47.1661,482.21,0.01892,1.000e-05,0.1004,65.9
62,44.2427,461.25,0.02139,1.000e-05,0.1004,67.3
63,43.3702,453.84,0.01654,1.000e-05,0.1004,68.6
64,42.1572,444.37,0.01808,1.000e-05,0.1004,70.0
65,42.5008,447.11,0.01509,1.000e-05,0.1004,71.0
66,43.5472,454.81,0.01548,1.000e-05,0.1004,72.0
67,42.5612,448.97,0.01788,1.000e-05,0.1004,73.0
68,42.4437,448.12,0.01708,1.000e-05,0.1004,74.0
69,42.4561,447.35,0.01433,1.000e-05,0.1004,75.0
70,41.9191,443.87,0.02243,1.000e-05,0.1004,76.0
71,40.3544,433.55,0.01473,1.000e-05,0.1005,77.0
72,40.7603,436.18,0.01295,1.000e-05,0.1005,77.9
73,41.7816,443.43,0.01434,1.000e-05,0.1005,79.0
74,42.2827,446.29,0.02019,1.000e-05,0.1005,80.0
75,42.6346,449.30,0.01118,1.000e-05,0.1005,81.0
76,43.6383,457.43,0.02236,1.000e-05,0.1005,82.0
77,44.2908,464.69,0.02024,1.000e-05,0.1005,83.0
78,44.8831,469.07,0.00862,1.000e-05,0.1005,83.9
79,44.7423,468.93,0.01338,1.000e-05,0.1005,84.9
80,44.5311,467.81,0.01695,1.000e-05,0.1005,85.8
81,44.7894,469.56,0.00964,1.000e-05,0.1005,86.8
82,45.0704,471.17,0.01727,1.000e-05,0.1005,87.7
83,44.4679,468.05,0.00893,1.000e-05,0.1005,88.7
84,54.5991,541.99,0.01578,1.000e-05,0.1006,89.7
85,54.1047,538.51,0.00977,1.000e-05,0.1006,90.6
86,55.1653,545.64,0.01884,1.000e-05,0.1006,91.6
87,55.2032,545.34,0.01171,1.000e-05,0.1006,92.6
88,56.7788,554.92,0.01697,1.000e-05,0.1006,93.7
89,59.0007,573.14,0.01373,1.000e-05,0.1006,94.7
90,59.2334,575.92,0.01259,1.000e-05,0.1006,95.7
91,59.7715,580.08,0.01100,1.000e-05,0.1006,96.9
92,60.8076,589.51,0.01358,1.000e-05,0.1006,97.9
93,63.9062,610.50,0.01192,1.000e-05,0.1006,98.8
94,64.3178,613.71,0.01269,1.000e-05,0.1006,99.8
95,65.8764,628.11,0.02099,1.000e-05,0.1006,100.8
96,66.6643,633.64,0.00993,1.000e-05,0.1007,102.0
97,67.7271,641.80,0.01395,1.000e-05,0.1007,103.2
98,69.2708,655.22,0.02084,1.000e-05,0.1007,104.3
99,70.7935,665.81,0.01819,1.000e-05,0.1007,105.2
100,71.4722,670.85,0.01490,1.000e-05,0.1007,106.2
101,71.9302,675.15,0.01424,1.000e-05,0.1007,107.2
102,71.9466,673.35,0.01300,1.000e-05,0.1007,108.1
103,72.6187,679.66,0.01254,1.000e-05,0.1007,109.2
104,72.9505,681.41,0.01389,1.000e-05,0.1007,110.3
105,73.1940,684.15,0.02279,1.000e-05,0.1007,111.3
106,73.2576,682.80,0.01648,1.000e-05,0.1007,112.2
107,73.3580,683.64,0.00899,1.000e-05,0.1007,113.2
108,72.4605,677.27,0.01760,1.000e-05,0.1007,114.4
109,70.7562,665.25,0.01747,1.000e-05,0.1008,115.4
110,68.7700,649.72,0.01291,1.000e-05,0.1008,116.4
111,67.7365,644.00,0.01343,1.000e-05,0.1008,117.4
112,68.2186,647.77,0.00980,1.000e-05,0.1008,118.4
113,67.6613,647.78,0.01799,1.000e-05,0.1008,119.4
114,66.9196,643.35,0.01192,1.000e-05,0.1008,120.5
115,67.2553,647.80,0.01664,1.000e-05,0.1008,121.5
116,67.7305,653.18,0.02042,1.000e-05,0.1008,122.5
117,67.9523,653.25,0.00750,1.000e-05,0.1008,123.5
118,67.7709,654.23,0.01791,1.000e-05,0.1008,124.5
119,67.7783,655.34,0.01179,1.000e-05,0.1008,125.4
120,68.1070,658.38,0.01950,1.000e-05,0.1008,126.4
121,67.4172,654.46,0.01834,1.000e-05,0.1008,127.4
122,66.6335,648.47,0.01900,1.000e-05,0.1009,128.3
123,65.3721,639.77,0.01533,1.000e-05,0.1009,129.3
124,65.0416,639.12,0.01498,1.000e-05,0.1009,130.3
125,68.7641,669.63,0.00680,1.000e-05,0.1009,131.4
126,68.8177,670.06,0.01249,1.000e-05,0.1009,132.3
127,68.3720,667.85,0.01210,1.000e-05,0.1009,133.3
128,68.1624,667.85,0.00725,1.000e-05,0.1009,134.2
129,69.0633,675.38,0.01526,1.000e-05,0.1009,135.2
130,68.6726,672.24,0.02073,1.000e-05,0.1009,136.2
131,68.9738,677.05,0.02399,1.000e-05,0.1009,137.2
132,69.1971,679.11,0.01338,1.000e-05,0.1009,138.2
133,69.6388,682.39,0.01929,1.000e-05,0.1009,139.1
134,70.4019,688.82,0.01651,1.000e-05,0.1010,140.1
135,71.4064,697.90,0.01185,1.000e-05,0.1010,141.1
136,70.9852,694.06,0.01363,1.000e-05,0.1010,142.6
137,72.0074,701.38,0.01540,1.000e-05,0.1010,144.2
138,72.0672,702.24,0.01451,1.000e-05,0.1010,145.6
139,71.9020,703.46,0.01721,1.000e-05,0.1010,146.9
140,72.0684,704.63,0.01740,1.000e-05,0.1010,148.0
141,72.8997,710.65,0.01903,1.000e-05,0.1010,149.0
142,73.4012,714.78,0.01214,1.000e-05,0.1010,150.2
143,73.1450,711.54,0.01312,1.000e-05,0.1010,151.3
144,74.2950,719.41,0.01144,1.000e-05,0.1010,152.5
145,75.7524,729.48,0.01434,1.000e-05,0.1010,153.7
146,75.9584,732.56,0.00819,1.000e-05,0.1010,154.8
147,75.5943,730.87,0.00873,1.000e-05,0.1010,155.8
148,75.4734,732.55,0.01236,1.000e-05,0.1010,156.7
149,75.7172,734.84,0.01302,1.000e-05,0.1010,157.6
150,75.6784,735.83,0.01201,1.000e-05,0.1011,158.7
151,76.7792,742.62,0.00986,1.000e-05,0.1011,159.7
152,78.7556,758.47,0.01324,1.000e-05,0.1011,160.7
153,79.1590,763.16,0.01457,1.000e-05,0.1011,161.6
154,79.4740,766.99,0.00855,1.000e-05,0.1011,162.6
155,79.8140,771.90,0.01069,1.000e-05,0.1011,163.6
156,79.3176,770.30,0.00783,1.000e-05,0.1011,164.5
157,78.6977,764.16,0.01800,1.000e-05,0.1011,165.4
158,77.6132,755.66,0.01262,1.000e-05,0.1011,166.4
159,76.8145,751.22,0.01409,1.000e-05,0.1011,167.4
160,77.0306,753.66,0.01371,1.000e-05,0.1011,168.4
161,76.5761,751.25,0.00926,1.000e-05,0.1011,169.7
162,75.8080,746.77,0.01872,1.000e-05,0.1011,170.7
163,75.9732,747.21,0.00759,1.000e-05,0.1011,171.8
164,75.8811,747.92,0.00942,1.000e-05,0.1012,172.8
165,76.2936,751.04,0.01523,1.000e-05,0.1012,173.7
166,76.2319,750.27,0.01035,1.000e-05,0.1012,174.7
167,77.6897,766.53,0.01152,1.000e-05,0.1012,175.7
168,77.4560,763.70,0.01812,1.000e-05,0.1012,176.7
169,77.9414,769.54,0.00693,1.000e-05,0.1012,177.7
170,78.6686,774.73,0.01135,1.000e-05,0.1012,178.7
171,78.2613,772.59,0.01153,1.000e-05,0.1012,179.6
172,78.9232,775.63,0.01881,1.000e-05,0.1012,180.7
173,79.2666,778.69,0.00812,1.000e-05,0.1012,181.6
174,79.4344,781.11,0.01458,1.000e-05,0.1012,182.9
175,79.4654,781.07,0.00710,1.000e-05,0.1012,184.0
176,79.8419,785.02,0.01056,1.000e-05,0.1012,185.0
177,79.6562,785.67,0.00832,1.000e-05,0.1013,186.0
178,80.0382,787.53,0.01686,1.000e-05,0.1013,186.9
179,80.2332,787.77,0.00807,1.000e-05,0.1013,187.8
180,80.4374,789.72,0.01263,1.000e-05,0.1013,188.7
181,80.4411,789.68,0.01525,1.000e-05,0.1013,189.7
182,80.4842,788.11,0.01022,1.000e-05,0.1013,190.6
183,81.4338,795.28,0.00865,1.000e-05,0.1013,191.5
184,80.9876,792.85,0.01126,1.000e-05,0.1013,192.4
185,80.4502,789.04,0.01454,1.000e-05,0.1013,193.3
186,80.5670,790.73,0.00918,1.000e-05,0.1013,194.3
187,81.2672,794.94,0.00990,1.000e-05,0.1013,195.2
188,80.6199,789.28,0.01025,1.000e-05,0.1013,196.2
189,80.7289,790.63,0.00893,1.000e-05,0.1013,197.3
190,80.8675,792.47,0.00564,1.000e-05,0.1013,198.5
191,81.4786,796.75,0.01011,1.000e-05,0.1013,199.8
192,82.0636,800.22,0.00955,1.000e-05,0.1014,201.2
193,83.2054,809.73,0.00998,1.000e-05,0.1014,202.4
194,83.2256,809.16,0.01524,1.000e-05,0.1014,203.7
195,84.6830,820.65,0.00851,1.000e-05,0.1014,204.8
196,84.9257,822.31,0.01349,1.000e-05,0.1014,205.7
197,85.0129,824.31,0.00931,1.000e-05,0.1014,206.6
198,84.7728,822.08,0.01592,1.000e-05,0.1014,207.8
199,84.7730,822.06,0.01116,1.000e-05,0.1014,209.1
200,84.7367,820.82,0.01836,1.000e-05,0.1014,210.3
201,84.1819,817.27,0.01147,1.000e-05,0.1014,211.7
202,83.6022,812.28,0.01406,1.000e-05,0.1014,213.0
203,83.7693,815.82,0.01643,1.000e-05,0.1014,214.1
204,83.7357,815.94,0.01798,1.000e-05,0.1014,215.1
205,83.7023,817.78,0.00652,1.000e-05,0.1014,216.0
206,84.4017,824.09,0.01296,1.000e-05,0.1015,217.0
207,84.6186,827.22,0.01654,1.000e-05,0.1015,218.4
208,84.0684,824.30,0.01077,1.000e-05,0.1015,219.7
209,84.6404,830.60,0.01253,1.000e-05,0.1015,220.9
210,84.6852,832.82,0.00890,1.000e-05,0.1015,222.0
211,84.6151,831.66,0.00940,1.000e-05,0.1015,223.0
212,84.8348,834.01,0.00745,1.000e-05,0.1015,223.9
213,84.9245,835.35,0.00997,1.000e-05,0.1015,224.8
214,85.2340,838.87,0.01242,1.000e-05,0.1015,225.7
215,85.1951,838.69,0.02351,1.000e-05,0.1015,226.6
216,85.4519,841.35,0.01334,1.000e-05,0.1015,227.8
217,85.5190,842.62,0.01205,1.000e-05,0.1015,229.2
218,86.0572,847.74,0.00871,1.000e-05,0.1015,230.5
219,86.1373,848.09,0.00839,1.000e-05,0.1015,231.7
220,86.4501,852.45,0.01140,1.000e-05,0.1015,232.9
221,87.1635,857.01,0.00855,1.000e-05,0.1015,234.2
222,87.5329,861.00,0.00439,1.500e-05,0.1016,235.2
223,87.8771,862.61,0.02367,1.000e-05,0.1016,236.2
224,88.2066,865.71,0.00644,1.000e-05,0.1016,237.3
225,89.0426,872.01,0.00458,1.500e-05,0.1016,238.6
226,88.9284,871.53,0.01653,1.500e-05,0.1016,239.9
227,89.1636,873.09,0.01204,1.500e-05,0.1016,241.2
228,88.8945,871.64,0.01055,1.500e-05,0.1016,242.4
229,89.0276,874.76,0.02317,1.000e-05,0.1016,243.4
230,89.3229,878.14,0.01419,1.000e-05,0.1016,244.3
231,89.1888,877.22,0.01433,1.000e-05,0.1016,245.2
232,89.4041,878.63,0.00987,1.000e-05,0.1016,246.1
233,89.5015,878.86,0.00753,1.000e-05,0.1016,247.1
234,89.7784,882.56,0.00921,1.000e-05,0.1016,248.4
235,90.4203,886.71,0.01754,1.000e-05,0.1016,250.0
236,90.4685,886.85,0.01285,1.000e-05,0.1017,251.7
237,91.0428,891.60,0.01297,1.000e-05,0.1017,253.0
238,91.0071,892.78,0.01331,1.000e-05,0.1017,254.2
239,90.8891,891.06,0.01260,1.000e-05,0.1017,255.4
240,90.7262,889.21,0.02030,1.000e-05,0.1017,256.6
241,90.4127,885.69,0.01167,1.000e-05,0.1017,257.6
242,90.7855,887.70,0.01065,1.000e-05,0.1017,258.6
243,90.4502,885.71,0.00693,1.000e-05,0.1017,259.6
244,90.6351,887.67,0.00964,1.000e-05,0.1017,260.5
245,91.0121,891.51,0.00758,1.000e-05,0.1017,261.5
246,90.9133,889.81,0.00686,1.000e-05,0.1017,262.5
247,90.7475,888.63,0.00910,1.000e-05,0.1017,263.4
248,90.9733,889.16,0.01202,1.000e-05,0.1017,264.4
249,90.8441,887.58,0.01538,1.000e-05,0.1017,265.4
250,90.7330,887.44,0.01084,1.000e-05,0.1018,266.3
251,90.5229,886.99,0.01301,1.000e-05,0.1018,267.3
252,90.8068,888.76,0.01109,1.000e-05,0.1018,268.3
253,91.1239,890.88,0.01168,1.000e-05,0.1018,269.2
254,90.9736,890.75,0.00969,1.000e-05,0.1018,270.1
255,90.6823,889.29,0.00962,1.000e-05,0.1018,271.0
256,90.9639,892.32,0.01265,1.000e-05,0.1018,271.9
257,90.7674,890.99,0.01604,1.000e-05,0.1018,272.9
258,90.4817,889.30,0.01289,1.000e-05,0.1018,273.8
259,90.4076,887.64,0.01852,1.000e-05,0.1018,274.7
260,89.9752,884.62,0.01499,1.000e-05,0.1018,275.6
261,89.2679,879.48,0.00453,1.500e-05,0.1018,276.5
262,89.7680,881.93,0.01144,1.500e-05,0.1018,277.5
263,89.4484,878.63,0.00797,1.500e-05,0.1019,278.4
264,89.3907,879.43,0.00868,1.500e-05,0.1019,279.3
265,89.2092,878.16,0.00458,2.250e-05,0.1019,280.4
266,88.7971,875.01,0.00945,2.250e-05,0.1019,281.8
267,88.7096,875.01,0.00542,2.250e-05,0.1019,283.0
268,88.8843,875.88,0.02371,1.500e-05,0.1019,284.4
269,88.0509,868.69,0.00570,1.500e-05,0.1019,285.8
270,87.7851,865.58,0.00884,1.500e-05,0.1020,287.0
271,87.2710,864.26,0.01310,1.500e-05,0.1020,288.1
272,88.0029,869.91,0.00884,1.500e-05,0.1020,289.4
273,87.5850,866.55,0.00909,1.500e-05,0.1020,290.7
274,87.2462,863.79,0.01434,1.500e-05,0.1020,292.1
275,87.2012,861.70,0.01312,1.500e-05,0.1020,293.2
276,87.7611,865.75,0.01310,1.500e-05,0.1020,294.2
277,88.1105,867.62,0.01633,1.500e-05,0.1020,295.3
278,88.3880,869.20,0.01518,1.500e-05,0.1020,296.6
279,87.8054,864.65,0.01783,1.500e-05,0.1021,297.9
280,87.5628,861.58,0.01198,1.500e-05,0.1021,299.2
281,87.6991,860.71,0.01431,1.500e-05,0.1021,300.4
282,87.3537,858.38,0.01278,1.500e-05,0.1021,301.5
283,87.4680,859.53,0.00583,1.500e-05,0.1021,302.5
284,87.7091,862.46,0.00833,1.500e-05,0.1021,303.4
285,87.5846,862.46,0.00884,1.500e-05,0.1021,304.6
286,87.4419,861.87,0.01609,1.500e-05,0.1021,305.9
287,87.4676,862.16,0.01373,1.500e-05,0.1021,307.3
288,88.2762,867.11,0.00963,1.500e-05,0.1022,308.5
289,87.6885,862.45,0.01116,1.500e-05,0.1022,309.8
290,87.9849,862.96,0.01794,1.500e-05,0.1022,311.0
291,87.7452,863.05,0.01125,1.500e-05,0.1022,312.3
292,87.8113,862.17,0.01387,1.500e-05,0.1022,313.7
293,87.9359,862.92,0.01721,1.500e-05,0.1022,314.8
294,87.9189,863.50,0.00934,1.500e-05,0.1022,315.8
295,87.6982,862.49,0.01901,1.500e-05,0.1022,316.7
296,87.8461,863.34,0.01537,1.500e-05,0.1022,317.6
297,88.0210,865.46,0.01849,1.500e-05,0.1022,318.5
298,87.7569,863.61,0.00940,1.500e-05,0.1023,319.5
299,87.6057,863.70,0.01315,1.500e-05,0.1023,320.5
300,87.7176,863.42,0.00689,1.500e-05,0.1023,321.4
301,87.5300,862.34,0.01329,1.500e-05,0.1023,322.3
302,87.0832,858.12,0.01838,1.500e-05,0.1023,323.3
303,86.7836,856.27,0.01131,1.500e-05,0.1023,324.3
304,87.3424,860.57,0.01939,1.500e-05,0.1023,325.2
305,86.9702,858.72,0.00962,1.500e-05,0.1023,326.2
306,86.7883,856.79,0.01373,1.500e-05,0.1024,327.1
307,87.3874,860.48,0.02675,1.000e-05,0.1024,328.1
308,86.9375,858.25,0.00697,1.000e-05,0.1024,329.1
309,86.7511,856.61,0.00801,1.000e-05,0.1024,330.5
310,87.4736,861.19,0.01383,1.000e-05,0.1024,331.8
311,87.2251,859.99,0.00900,1.000e-05,0.1024,333.0
312,86.8301,856.54,0.01416,1.000e-05,0.1024,334.3
313,86.8339,857.10,0.01309,1.000e-05,0.1024,335.6
314,86.1283,852.56,0.01436,1.000e-05,0.1024,337.0
315,86.6166,856.78,0.00788,1.000e-05,0.1024,337.9
316,86.5582,856.39,0.00433,1.500e-05,0.1024,338.9
317,86.4633,856.21,0.01729,1.500e-05,0.1024,340.0
318,86.5073,857.67,0.01623,1.500e-05,0.1024,341.1
319,86.2384,856.09,0.01319,1.500e-05,0.1025,342.1
320,86.1088,855.24,0.02013,1.000e-05,0.1025,343.1
321,85.7329,850.16,0.01170,1.000e-05,0.1025,344.1
322,85.7172,848.42,0.02702,1.000e-05,0.1025,345.1
323,85.5041,847.39,0.00960,1.000e-05,0.1025,346.2
324,85.5883,847.39,0.01339,1.000e-05,0.1025,347.2
325,84.9479,844.95,0.01684,1.000e-05,0.1025,348.2
326,85.6616,849.73,0.01493,1.000e-05,0.1025,349.2
327,85.6331,849.29,0.01198,1.000e-05,0.1025,350.3
328,85.8842,853.60,0.00672,1.000e-05,0.1025,351.4
329,85.9452,854.86,0.01550,1.000e-05,0.1025,352.5
330,85.6370,853.04,0.00720,1.000e-05,0.1025,353.5
331,86.0543,857.24,0.01374,1.000e-05,0.1025,354.6
332,85.9914,856.68,0.01630,1.000e-05,0.1025,355.6
333,86.2765,859.64,0.00730,1.000e-05,0.1025,356.5
334,86.5281,862.11,0.01163,1.000e-05,0.1026,357.5
335,86.5063,861.94,0.01225,1.000e-05,0.1026,358.6
336,86.6113,862.73,0.00644,1.000e-05,0.1026,359.6
337,86.6936,862.45,0.01108,1.000e-05,0.1026,360.6
338,86.7271,862.32,0.00478,1.500e-05,0.1026,361.8
339,87.5798,868.26,0.01070,1.500e-05,0.1026,363.1
340,88.2013,872.05,0.01311,1.500e-05,0.1026,364.2
341,88.7298,875.00,0.00880,1.500e-05,0.1026,365.3
342,89.2575,880.71,0.00528,1.500e-05,0.1026,366.3
343,90.1617,886.62,0.01615,1.500e-05,0.1026,367.4
344,89.7975,884.49,0.01307,1.500e-05,0.1026,368.5
345,90.2772,888.22,0.01533,1.500e-05,0.1026,369.5
346,90.3960,889.89,0.00810,1.500e-05,0.1026,370.5
347,90.8388,894.70,0.01607,1.500e-05,0.1027,371.6
348,91.0503,896.56,0.01803,1.500e-05,0.1027,373.1
349,91.6722,902.57,0.01123,1.500e-05,0.1027,374.6
350,91.9580,906.08,0.00675,1.500e-05,0.1027,375.8
351,92.1757,909.87,0.01059,1.500e-05,0.1027,376.8
352,92.0631,909.87,0.01980,1.500e-05,0.1027,377.8
353,92.6350,915.51,0.01453,1.500e-05,0.1027,378.8
354,92.7021,917.32,0.01068,1.500e-05,0.1027,379.8
355,93.0823,922.87,0.01114,1.500e-05,0.1027,380.8
356,92.9187,924.57,0.01510,1.500e-05,0.1027,381.8
357,93.3584,928.03,0.01155,1.500e-05,0.1027,382.8
358,93.6243,930.88,0.00803,1.500e-05,0.1027,383.8
359,94.0770,935.33,0.01608,1.500e-05,0.1027,384.8
360,94.3425,936.88,0.02166,1.000e-05,0.1027,385.8
361,94.7377,942.20,0.00423,1.500e-05,0.1027,386.8
362,95.2401,946.90,0.00964,1.500e-05,0.1027,387.7
363,95.2166,949.80,0.01274,1.500e-05,0.1027,388.7
364,95.1717,949.80,0.00763,1.500e-05,0.1027,389.7
365,95.9251,953.25,0.01150,1.500e-05,0.1027,390.7
366,95.8880,953.99,0.01244,1.500e-05,0.1027,391.6
367,96.0208,954.77,0.01045,1.500e-05,0.1028,392.6
368,96.5154,958.29,0.00572,1.500e-05,0.1028,393.6
369,96.5256,958.29,0.01571,1.500e-05,0.1028,394.6
370,96.7440,959.84,0.00576,1.500e-05,0.1028,395.7
371,96.9075,963.10,0.01530,1.500e-05,0.1028,396.7
372,97.0028,963.10,0.00963,1.500e-05,0.1028,397.7
373,97.2049,966.38,0.00418,2.250e-05,0.1028,398.7
374,96.9734,966.38,0.01267,2.250e-05,0.1028,399.7
375,97.3379,970.01,0.01399,2.250e-05,0.1028,400.7
376,97.2085,968.16,0.01016,2.250e-05,0.1028,401.6
377,97.5517,971.44,0.01489,2.250e-05,0.1028,402.6
378,97.4080,971.44,0.01155,2.250e-05,0.1028,403.5
379,97.9080,975.83,0.00317,3.375e-05,0.1028,404.5
380,97.9636,977.25,0.01121,3.375e-05,0.1028,405.5
381,97.8227,978.30,0.01326,3.375e-05,0.1029,406.5
382,97.8426,980.85,0.01947,3.375e-05,0.1029,407.5
383,97.6874,980.85,0.00812,3.375e-05,0.1029,408.6
384,97.7067,980.85,0.01098,3.375e-05,0.1029,409.9
385,98.0015,983.96,0.01767,3.375e-05,0.1029,411.1
386,98.2259,984.83,0.01750,3.375e-05,0.1029,412.1
387,98.4164,984.83,0.01275,3.375e-05,0.1029,413.2
388,98.2265,984.83,0.01717,3.375e-05,0.1029,414.2
389,98.3027,986.63,0.02189,2.250e-05,0.1029,415.1
390,98.4372,988.50,0.00782,2.250e-05,0.1029,416.2
391,98.3460,988.50,0.01491,2.250e-05,0.1029,417.1
392,98.5088,989.47,0.01263,2.250e-05,0.1029,418.1
393,98.5215,989.47,0.01706,2.250e-05,0.1030,419.1
394,98.5942,991.31,0.00984,2.250e-05,0.1030,420.0
395,98.8105,991.31,0.01373,2.250e-05,0.1030,421.0
396,98.9677,991.31,0.00861,2.250e-05,0.1030,422.0
397,99.1326,991.31,0.00932,2.250e-05,0.1030,423.0
398,99.4064,993.14,0.02092,1.500e-05,0.1030,424.0
399,99.4224,993.14,0.01798,1.500e-05,0.1030,425.0
400,99.1302,993.14,0.00889,1.500e-05,0.1030,426.0
401,99.3274,994.66,0.01640,1.500e-05,0.1030,427.0
402,99.0756,992.82,0.01890,1.500e-05,0.1030,428.0
403,98.9379,992.82,0.01612,1.500e-05,0.1030,429.1
404,98.7936,992.82,0.01773,1.500e-05,0.1030,430.6
405,98.8152,992.82,0.01394,1.500e-05,0.1030,431.8
406,98.4646,992.82,0.01686,1.500e-05,0.1030,433.0
407,98.4896,992.82,0.00786,1.500e-05,0.1030,434.1
408,98.5244,994.43,0.01630,1.500e-05,0.1030,435.1
409,98.3752,992.60,0.00950,1.500e-05,0.1030,436.2
410,98.4400,992.60,0.01365,1.500e-05,0.1030,437.2
411,98.2903,992.60,0.00466,2.250e-05,0.1030,438.2
412,98.1841,990.76,0.01199,2.250e-05,0.1031,439.2
413,98.0319,990.76,0.01578,2.250e-05,0.1031,440.2
414,98.0436,990.76,0.01473,2.250e-05,0.1031,441.2
415,98.2682,990.76,0.02007,1.500e-05,0.1031,442.2
416,98.2585,990.76,0.01419,1.500e-05,0.1031,443.2
417,98.0359,988.89,0.01122,1.500e-05,0.1031,444.2
418,97.6929,987.04,0.00682,1.500e-05,0.1031,445.3
419,97.6190,987.04,0.01215,1.500e-05,0.1031,446.2
420,97.6517,987.04,0.01052,1.500e-05,0.1031,447.3
421,97.7745,987.04,0.00903,1.500e-05,0.1031,448.3
422,98.0061,988.91,0.01054,1.500e-05,0.1031,449.3
423,98.3392,988.91,0.01345,1.500e-05,0.1031,450.3
424,98.4881,988.91,0.00829,1.500e-05,0.1031,451.3
425,98.1619,988.91,0.00614,1.500e-05,0.1031,452.2
426,98.0785,988.91,0.00356,2.250e-05,0.1031,453.2
427,97.7262,988.91,0.01933,2.250e-05,0.1031,454.3
428,97.4949,988.91,0.00304,3.375e-05,0.1031,455.3
429,97.5435,988.91,0.01696,3.375e-05,0.1032,456.2
430,97.6213,988.91,0.01355,3.375e-05,0.1032,457.2
431,97.8770,988.91,0.01273,3.375e-05,0.1032,458.1
432,98.0275,988.91,0.02062,2.250e-05,0.1032,459.2
433,98.0215,988.91,0.01001,2.250e-05,0.1032,460.6
434,98.0167,988.91,0.01337,2.250e-05,0.1032,462.0
435,97.9598,988.91,0.01160,2.250e-05,0.1032,463.2
436,98.0929,988.91,0.01199,2.250e-05,0.1032,464.2
437,98.1821,988.91,0.01487,2.250e-05,0.1032,465.1
438,98.3457,988.91,0.01940,2.250e-05,0.1032,466.1
439,98.1341,988.91,0.00750,2.250e-05,0.1032,467.0
440,98.2110,988.91,0.01146,2.250e-05,0.1032,468.0
441,98.2019,988.91,0.00808,2.250e-05,0.1032,469.0
442,98.3964,988.91,0.01964,2.250e-05,0.1032,470.0
443,98.6261,990.75,0.02804,1.500e-05,0.1033,471.0
444,98.7173,988.93,0.01211,1.500e-05,0.1033,472.0
445,98.8940,988.93,0.01208,1.500e-05,0.1033,473.0
446,98.9459,988.93,0.00635,1.500e-05,0.1033,473.9
447,99.0436,988.93,0.00530,1.500e-05,0.1033,474.9
448,98.8250,988.93,0.01497,1.500e-05,0.1033,475.9
449,98.7295,988.93,0.00839,1.500e-05,0.1033,476.9
450,98.7408,990.77,0.00593,1.500e-05,0.1033,478.0
451,98.4501,990.77,0.00844,1.500e-05,0.1033,479.0
452,98.4815,990.77,0.01399,1.500e-05,0.1033,479.9
453,98.6336,990.77,0.02602,1.000e-05,0.1033,481.0
454,98.9030,992.61,0.00820,1.000e-05,0.1033,481.9
455,98.6442,990.99,0.00657,1.000e-05,0.1033,482.8
456,98.6964,990.99,0.00936,1.000e-05,0.1033,483.8
457,98.6181,990.99,0.00865,1.000e-05,0.1033,484.8
458,98.5472,992.85,0.00848,1.000e-05,0.1033,485.7
459,98.8671,994.71,0.01067,1.000e-05,0.1033,486.7
460,98.9789,996.56,0.01010,1.000e-05,0.1033,487.6
461,98.8021,994.82,0.00912,1.000e-05,0.1033,488.5
462,98.4163,994.82,0.01270,1.000e-05,0.1033,489.8
463,98.1127,994.82,0.01941,1.000e-05,0.1033,491.1
464,98.1401,994.82,0.00667,1.000e-05,0.1033,492.2
465,97.8506,994.82,0.01431,1.000e-05,0.1034,493.3
466,97.8395,994.82,0.00917,1.000e-05,0.1034,494.5
467,97.8243,994.82,0.01053,1.000e-05,0.1034,495.4
468,97.9094,994.82,0.01278,1.000e-05,0.1034,496.4
469,97.8494,994.82,0.00754,1.000e-05,0.1034,497.5
470,97.9017,994.82,0.01035,1.000e-05,0.1034,498.5
471,97.5215,993.09,0.00551,1.000e-05,0.1034,499.5
472,97.1412,991.42,0.00596,1.000e-05,0.1034,500.6
473,97.1215,991.42,0.01164,1.000e-05,0.1034,501.7
474,96.3402,988.04,0.01187,1.000e-05,0.1034,502.7
475,96.2445,988.04,0.00408,1.500e-05,0.1034,503.8
476,96.4469,988.04,0.00677,1.500e-05,0.1034,504.9
477,96.3557,988.04,0.01186,1.500e-05,0.1034,505.9
478,96.0563,988.04,0.00966,1.500e-05,0.1034,507.0
479,95.9190,988.04,0.01132,1.500e-05,0.1034,508.4
480,95.6710,988.04,0.01560,1.500e-05,0.1034,509.9
481,95.6569,988.04,0.00658,1.500e-05,0.1034,511.3
482,95.6218,988.04,0.01525,1.500e-05,0.1034,512.6
483,95.2764,986.25,0.01563,1.500e-05,0.1035,514.0
484,95.1641,986.25,0.00950,1.500e-05,0.1035,515.4
485,95.3284,988.06,0.00909,1.500e-05,0.1035,516.8
486,95.1176,988.06,0.00760,1.500e-05,0.1035,518.0
487,94.9491,986.53,0.01291,1.500e-05,0.1035,519.1
488,94.9250,986.53,0.01153,1.500e-05,0.1035,520.2
489,95.0166,986.53,0.00382,2.250e-05,0.1035,521.2
490,94.8614,986.53,0.01005,2.250e-05,0.1035,522.2
491,94.7686,984.68,0.01867,2.250e-05,0.1035,523.1
492,94.9975,984.68,0.00769,2.250e-05,0.1035,524.1
493,95.1610,984.68,0.01008,2.250e-05,0.1035,525.1
494,95.0130,984.68,0.01229,2.250e-05,0.1035,526.1
495,94.9124,984.68,0.01072,2.250e-05,0.1036,527.1
496,94.8302,984.62,0.01698,2.250e-05,0.1036,528.1
497,94.7282,984.62,0.00507,2.250e-05,0.1036,529.6
498,94.7011,984.62,0.01723,2.250e-05,0.1036,530.7
499,94.6942,983.36,0.02241,1.500e-05,0.1036,531.9
500,94.5322,981.79,0.00972,1.500e-05,0.1036,533.0
501,94.6955,981.79,0.00618,1.500e-05,0.1036,534.0
502,94.8803,983.53,0.00763,1.500e-05,0.1036,535.0
503,95.0111,983.53,0.01029,1.500e-05,0.1036,535.9
504,95.0663,983.53,0.00492,2.250e-05,0.1036,536.9
505,94.6627,983.53,0.01268,2.250e-05,0.1036,537.9
506,94.5586,983.53,0.01077,2.250e-05,0.1036,538.8
507,94.4897,983.53,0.01342,2.250e-05,0.1036,539.8
508,94.1255,981.74,0.01744,2.250e-05,0.1037,540.8
509,93.4788,978.50,0.01933,2.250e-05,0.1037,542.1
510,93.3546,976.72,0.02130,1.500e-05,0.1037,543.2
511,93.2738,976.83,0.01782,1.500e-05,0.1037,544.2
512,93.4564,976.84,0.01161,1.500e-05,0.1037,545.2
513,93.5279,976.84,0.00754,1.500e-05,0.1037,546.1
514,93.5323,976.97,0.01087,1.500e-05,0.1038,547.0
515,93.9095,978.55,0.01057,1.500e-05,0.1038,548.0
516,93.2917,973.51,0.01505,1.500e-05,0.1038,549.1
517,92.7436,968.29,0.01928,1.500e-05,0.1038,550.0
518,92.4871,966.67,0.01318,1.500e-05,0.1038,551.3
519,92.4254,964.88,0.00899,1.500e-05,0.1038,552.8
520,92.3214,963.50,0.00465,2.250e-05,0.1038,554.0
521,92.0592,960.32,0.01880,2.250e-05,0.1038,555.4
522,91.5067,958.95,0.01726,2.250e-05,0.1039,556.7
523,91.6425,959.05,0.02848,1.500e-05,0.1039,557.8
524,91.3851,959.05,0.01297,1.500e-05,0.1039,559.0
525,91.0212,957.45,0.01017,1.500e-05,0.1039,560.4
526,90.7758,953.78,0.00757,1.500e-05,0.1039,561.7
527,90.6229,953.78,0.02002,1.000e-05,0.1039,562.9
528,90.4439,952.01,0.00862,1.000e-05,0.1039,564.2
529,90.0897,950.31,0.00527,1.000e-05,0.1040,565.6
530,89.9949,950.44,0.00555,1.000e-05,0.1040,566.9
531,89.3217,947.01,0.01538,1.000e-05,0.1040,568.2
532,89.0244,945.59,0.00718,1.000e-05,0.1040,569.4
533,88.8114,942.37,0.00905,1.000e-05,0.1040,570.6
534,88.5048,940.87,0.02551,1.000e-05,0.1040,572.0
535,88.4306,937.53,0.01042,1.000e-05,0.1040,573.2
536,88.1322,937.50,0.01144,1.000e-05,0.1040,574.3
537,87.7171,936.06,0.01253,1.000e-05,0.1040,575.3
538,87.5510,935.42,0.00470,1.500e-05,0.1040,576.2
539,87.0283,932.62,0.01179,1.500e-05,0.1040,577.1
540,86.7590,932.62,0.01082,1.500e-05,0.1041,578.1
541,86.2715,927.76,0.01429,1.500e-05,0.1041,579.0
542,86.1672,927.76,0.01950,1.500e-05,0.1041,579.9
543,86.1679,927.76,0.02134,1.000e-05,0.1041,580.8
544,85.4977,921.14,0.01169,1.000e-05,0.1041,581.7
545,85.2492,918.07,0.00885,1.000e-05,0.1041,582.6
546,84.8607,914.84,0.01251,1.000e-05,0.1041,583.5
547,85.1954,919.88,0.00771,1.000e-05,0.1041,584.4
548,85.1935,918.38,0.01163,1.000e-05,0.1041,585.3
549,84.9513,918.38,0.00497,1.500e-05,0.1041,586.2
550,84.8210,916.70,0.01702,1.500e-05,0.1041,587.2
551,85.1461,918.36,0.00542,1.500e-05,0.1041,588.1
552,84.9675,918.62,0.01100,1.500e-05,0.1041,589.0
553,84.5797,915.20,0.01663,1.500e-05,0.1042,590.0
554,84.8767,918.62,0.01225,1.500e-05,0.1042,591.0
555,84.6390,918.53,0.00485,2.250e-05,0.1042,592.2
556,85.2679,923.72,0.01279,2.250e-05,0.1042,593.1
557,85.3824,925.51,0.00851,2.250e-05,0.1042,594.1
558,85.1168,925.14,0.01628,2.250e-05,0.1042,595.2
559,85.1307,928.32,0.00942,2.250e-05,0.1042,596.2
560,85.2450,928.32,0.01067,2.250e-05,0.1042,597.1
561,85.3826,929.69,0.01277,2.250e-05,0.1042,598.1
562,85.0388,928.21,0.01944,2.250e-05,0.1042,599.1
563,84.5944,926.65,0.01175,2.250e-05,0.1042,600.1
564,84.7308,928.44,0.01849,2.250e-05,0.1042,601.3
565,84.7441,930.33,0.01593,2.250e-05,0.1042,602.2
566,84.7431,930.33,0.02296,1.500e-05,0.1043,603.1
567,84.8248,932.10,0.01369,1.500e-05,0.1043,604.1
568,84.6916,932.15,0.00557,1.500e-05,0.1043,605.0
569,84.7102,931.45,0.01567,1.500e-05,0.1043,606.1
570,84.8918,934.88,0.01295,1.500e-05,0.1043,607.2
571,84.6571,932.96,0.01272,1.500e-05,0.1043,608.2
572,85.0175,934.42,0.01242,1.500e-05,0.1043,609.1
573,85.1184,935.25,0.00713,1.500e-05,0.1043,610.1
574,84.9895,937.03,0.01163,1.500e-05,0.1043,611.0
575,85.4818,940.30,0.00747,1.500e-05,0.1043,611.9
576,85.4975,941.75,0.00576,1.500e-05,0.1043,612.9
577,85.5281,941.75,0.01348,1.500e-05,0.1043,613.8
578,85.6176,945.17,0.01313,1.500e-05,0.1043,614.8
579,85.7978,947.97,0.01149,1.500e-05,0.1043,615.7
580,85.7611,947.25,0.00876,1.500e-05,0.1044,616.6
581,86.2597,951.85,0.01784,1.500e-05,0.1044,617.5
582,85.7546,948.71,0.00654,1.500e-05,0.1044,618.4
583,85.7414,951.18,0.01680,1.500e-05,0.1044,619.4
584,86.3446,957.56,0.00992,1.500e-05,0.1044,620.3
585,86.4790,958.26,0.00915,1.500e-05,0.1044,621.3
586,86.2657,955.11,0.00759,1.500e-05,0.1044,622.2
587,85.8386,952.26,0.01374,1.500e-05,0.1044,623.2
588,85.6641,949.92,0.01649,1.500e-05,0.1044,624.1
589,85.7553,951.51,0.02196,1.000e-05,0.1044,625.0
590,85.3809,949.27,0.01549,1.000e-05,0.1045,626.0
591,84.7750,946.37,0.01234,1.000e-05,0.1045,626.9
592,84.7264,947.20,0.01202,1.000e-05,0.1045,627.8
593,84.8563,949.45,0.00919,1.000e-05,0.1045,628.7
594,84.2683,945.26,0.00816,1.000e-05,0.1045,629.6
595,83.7263,941.37,0.01203,1.000e-05,0.1045,630.5
596,83.7773,941.01,0.01403,1.000e-05,0.1045,631.5
597,83.3536,937.61,0.01319,1.000e-05,0.1045,632.3
598,83.2883,934.69,0.01068,1.000e-05,0.1045,633.2
599,83.2514,934.50,0.01773,1.000e-05,0.1045,634.1
600,83.6500,936.13,0.01196,1.000e-05,0.1045,635.0
601,83.8557,935.79,0.00743,1.000e-05,0.1045,636.0
602,83.3866,931.70,0.00674,1.000e-05,0.1045,636.9
603,83.4441,930.39,0.00928,1.000e-05,0.1045,637.8
604,82.9797,926.79,0.00734,1.000e-05,0.1045,638.7
605,83.0122,925.76,0.02036,1.000e-05,0.1045,639.5
606,83.2640,926.66,0.00432,1.500e-05,0.1045,640.4
607,83.0953,924.71,0.01062,1.500e-05,0.1046,641.8
608,83.3718,928.04,0.01016,1.500e-05,0.1046,643.1
609,82.5770,926.08,0.01507,1.500e-05,0.1046,644.3
610,82.3660,924.65,0.00612,1.500e-05,0.1046,645.2
611,82.1870,923.41,0.01466,1.500e-05,0.1046,646.4
612,81.4923,917.27,0.00784,1.500e-05,0.1046,647.7
613,81.2779,914.47,0.00897,1.500e-05,0.1046,648.9
614,81.1426,912.88,0.01111,1.500e-05,0.1046,650.0
615,80.6686,907.92,0.01680,1.500e-05,0.1046,650.9
616,80.5501,903.66,0.00668,1.500e-05,0.1046,651.8
617,80.2134,900.74,0.00901,1.500e-05,0.1046,652.7
618,79.6469,896.05,0.00743,1.500e-05,0.1047,653.7
619,79.7207,896.14,0.01476,1.500e-05,0.1047,654.7
620,80.0674,895.85,0.01203,1.500e-05,0.1047,655.6
621,79.7610,893.09,0.01990,1.500e-05,0.1047,656.5
622,79.5249,891.46,0.00735,1.500e-05,0.1047,657.4
623,79.5864,893.89,0.00954,1.500e-05,0.1047,658.8
624,79.7782,894.47,0.01411,1.500e-05,0.1047,660.3
625,79.5361,893.56,0.00932,1.500e-05,0.1047,661.4
626,79.5393,892.53,0.01484,1.500e-05,0.1048,662.5
627,79.0232,889.95,0.02308,1.000e-05,0.1048,663.4
628,79.4230,893.49,0.00440,1.500e-05,0.1048,664.3
629,79.4048,893.34,0.01529,1.500e-05,0.1048,665.3
630,79.1727,891.67,0.00772,1.500e-05,0.1048,666.6
631,79.4201,892.41,0.00938,1.500e-05,0.1048,667.9
632,79.8260,894.42,0.01144,1.500e-05,0.1048,669.0
633,79.7146,893.12,0.01796,1.500e-05,0.1048,670.0
634,79.9863,894.83,0.02130,1.000e-05,0.1048,671.2
635,80.4783,897.87,0.01868,1.000e-05,0.1048,672.3
636,80.6192,900.03,0.01132,1.000e-05,0.1048,673.5
637,80.9261,899.99,0.00743,1.000e-05,0.1048,674.6
638,80.4920,895.99,0.00286,1.500e-05,0.1049,675.7
639,80.7356,896.81,0.01465,1.500e-05,0.1049,676.7
640,80.7721,898.72,0.00611,1.500e-05,0.1049,677.7
641,81.0900,901.82,0.00757,1.500e-05,0.1049,678.7
642,81.2304,903.50,0.01307,1.500e-05,0.1049,679.7
643,81.5938,906.33,0.00802,1.500e-05,0.1049,680.7
644,81.6325,907.42,0.01535,1.500e-05,0.1049,681.7
645,81.4771,908.01,0.00839,1.500e-05,0.1049,682.7
646,81.3905,907.75,0.00814,1.500e-05,0.1049,683.7
647,81.3410,907.59,0.00834,1.500e-05,0.1049,684.7
648,81.1401,903.98,0.01237,1.500e-05,0.1049,685.8
649,81.3792,907.17,0.01652,1.500e-05,0.1049,686.8
650,81.2749,906.73,0.01601,1.500e-05,0.1049,687.9
651,81.8398,911.52,0.02035,1.000e-05,0.1050,689.1
652,81.7290,911.28,0.01938,1.000e-05,0.1050,690.1
653,81.6525,911.67,0.00883,1.000e-05,0.1050,691.2
654,81.7630,914.12,0.01230,1.000e-05,0.1050,692.5
655,82.1678,919.71,0.00676,1.000e-05,0.1050,693.5
656,82.4544,920.61,0.00717,1.000e-05,0.1050,694.5
657,82.8101,923.96,0.00980,1.000e-05,0.1050,695.7
658,82.8377,926.46,0.01099,1.000e-05,0.1050,696.7
659,82.5000,925.12,0.00468,1.500e-05,0.1050,697.8
660,82.2530,922.05,0.01265,1.500e-05,0.1050,698.9
661,82.5074,925.91,0.00945,1.500e-05,0.1050,699.9
662,82.8449,927.78,0.01228,1.500e-05,0.1050,700.9
663,82.7359,929.16,0.01453,1.500e-05,0.1051,702.0
664,83.2212,932.49,0.01152,1.500e-05,0.1051,703.3
665,83.3979,934.24,0.00273,2.250e-05,0.1051,704.2
666,83.7873,936.75,0.01925,2.250e-05,0.1051,705.2
667,83.8095,937.07,0.00703,2.250e-05,0.1051,706.2
668,83.7204,936.81,0.01705,2.250e-05,0.1051,707.1
669,83.9027,939.44,0.02024,1.500e-05,0.1051,708.2
670,84.0346,939.44,0.01693,1.500e-05,0.1051,709.3
671,83.7591,937.00,0.01581,1.500e-05,0.1051,710.4
672,84.1564,941.55,0.01021,1.500e-05,0.1052,711.4
673,84.3280,943.19,0.01148,1.500e-05,0.1052,712.7
674,84.0557,941.38,0.01975,1.500e-05,0.1052,714.1
675,83.9366,940.04,0.02028,1.000e-05,0.1052,715.2
676,84.1915,941.74,0.00976,1.000e-05,0.1052,716.2
677,84.1962,944.60,0.01397,1.000e-05,0.1052,717.2
678,84.3023,946.89,0.01245,1.000e-05,0.1052,718.2
679,84.3348,946.89,0.00822,1.000e-05,0.1052,719.2
680,84.3710,948.65,0.01003,1.000e-05,0.1052,720.2
681,84.1795,945.95,0.01108,1.000e-05,0.1052,721.4
682,84.3525,946.81,0.01182,1.000e-05,0.1052,722.7
683,84.0810,945.12,0.01175,1.000e-05,0.1052,723.7
684,84.0429,946.62,0.00957,1.000e-05,0.1052,724.7
685,84.0881,946.82,0.00782,1.000e-05,0.1052,725.8
686,84.3288,948.71,0.01190,1.000e-05,0.1052,726.8
687,84.5267,948.71,0.00896,1.000e-05,0.1052,727.8
688,85.0789,955.20,0.00859,1.000e-05,0.1053,728.7
689,85.1323,955.20,0.01073,1.000e-05,0.1053,729.7
690,85.1334,954.58,0.00650,1.000e-05,0.1053,730.7
691,85.2044,954.32,0.00998,1.000e-05,0.1053,731.9
692,85.2503,956.54,0.00562,1.000e-05,0.1053,733.1
693,85.4672,958.72,0.00876,1.000e-05,0.1053,734.2
694,85.8420,960.21,0.01098,1.000e-05,0.1053,735.3
695,85.9734,962.05,0.01461,1.000e-05,0.1053,736.4
696,86.0990,963.14,0.00608,1.000e-05,0.1053,737.5
697,86.2884,965.08,0.01430,1.000e-05,0.1053,738.9
698,86.2480,965.08,0.00834,1.000e-05,0.1053,740.3
699,86.1006,966.03,0.01058,1.000e-05,0.1053,741.7
700,86.3419,966.52,0.00746,1.000e-05,0.1053,743.0
701,87.1241,972.54,0.01536,1.000e-05,0.1053,744.3
702,87.3036,973.97,0.01047,1.000e-05,0.1053,745.5
703,87.0074,971.38,0.01038,1.000e-05,0.1053,746.9
704,87.0708,972.70,0.00816,1.000e-05,0.1053,748.3
705,86.9283,972.14,0.01081,1.000e-05,0.1053,749.7
706,86.7161,970.41,0.01930,1.000e-05,0.1053,750.9
707,86.8130,970.34,0.00484,1.500e-05,0.1053,752.1
708,87.0172,972.10,0.01269,1.500e-05,0.1053,753.3
709,87.3092,973.40,0.01240,1.500e-05,0.1053,754.5
710,87.4671,973.40,0.00558,1.500e-05,0.1053,755.7
