iteration,Train/mean_reward,Train/mean_episode_length,Train/mean_step_reward,Episode_Termination/time_out,Episode_Termination/fell_over,Metrics/twist/error_vel_xy,Metrics/twist/error_vel_yaw,Loss/value,Loss/surrogate,Loss/entropy,Loss/learning_rate,Loss/kl,Policy/mean_std,Perf/total_fps,Perf/collection_time,Perf/learning_time,Curriculum/action_rate_weight,Curriculum/standing_envs,time_s,env_steps,Episode_Reward/track_linear_velocity,Episode_Reward/track_angular_velocity,Episode_Reward/upright,Episode_Reward/pose,Episode_Reward/action_rate_l2,Episode_Reward/alive,Episode_Reward/air_time,Episode_Reward/single_stance,Episode_Reward/foot_lift,Episode_Reward/foot_clearance,Episode_Reward/foot_swing_height,Episode_Reward/foot_slip,Episode_Reward/self_collisions,Episode_Reward/dof_pos_limits,Episode_Reward/body_ang_vel,Episode_Reward/angular_momentum
1,-0.6844,21.7969,-0.0220866,0,10.875,0.380093,1.5991,0.0531717,-0.0130085,25.4643,0.000666667,0.0415665,0.99356,11057,0.819081,0.292255,-0.1,0.02,1.11164,12288,0.0148514,0.00598226,0.0159147,0.0108124,-0.076853,nan,0.00126437,0.0108276,0.00914234,-0.00012636,-0.00124277,-7.00379e-05,-0.00627586,-0.00153263,-0.0169141,-1.73298e-07
2,-0.679632,25.9029,-0.022289,0,18.4583,0.40428,1.65099,0.0552522,-0.0250534,25.3802,0.000444444,0.0245681,0.988644,11554.2,0.793729,0.269777,-0.1,0.02,2.1766,24576,0.0196384,0.00798086,0.021042,0.0123326,-0.0911407,nan,0.00163205,0.0124989,0.0104341,-0.000146636,-0.00139591,-8.38149e-05,-0.00819413,-0.00183305,-0.0167461,-1.79887e-07
3,-0.609804,26.8724,-0.01853,0,18.2917,0.401234,1.64711,0.0353143,-0.0261338,25.2865,0.000296296,0.0317007,0.982918,11818.7,0.773638,0.266066,-0.1,0.02,3.21791,36864,0.0208536,0.00851876,0.0224659,0.0134322,-0.0937959,nan,0.00160592,0.0131503,0.0106479,-0.000154791,-0.00148505,-8.4222e-05,-0.00743964,-0.00165356,-0.0165515,-1.78378e-07
4,-0.488709,27.6169,-0.0137363,0,18.7083,0.396462,1.62434,0.0321983,-0.0241799,25.1923,0.000197531,0.0275495,0.978676,12716.2,0.71632,0.250009,-0.1,0.02,4.18573,49152,0.0216455,0.00892697,0.0232807,0.0137468,-0.0952328,nan,0.00261247,0.0134031,0.0126007,-0.000166919,-0.00145794,-8.90089e-05,-0.00560579,-0.00151663,-0.0165824,-1.84187e-07
5,-0.409129,28.631,-0.011597,0,17.5,0.402194,1.63753,0.0307164,-0.02113,25.1231,0.000197531,0.019722,0.975249,12929.6,0.70292,0.247457,-0.1,0.02,5.13759,61440,0.0229205,0.00948184,0.0247765,0.0147492,-0.0986312,nan,0.00264286,0.0140452,0.0130511,-0.000176663,-0.001492,-8.93929e-05,-0.00399048,-0.00124599,-0.0164978,-1.83245e-07
6,-0.292358,30.1145,-0.00682895,0,16.375,0.390901,1.65328,0.0325447,-0.0205757,25.0579,0.000131687,0.0271952,0.97175,12700,0.713292,0.254269,-0.1,0.02,6.1065,73728,0.0236187,0.0105156,0.0265707,0.0154999,-0.102282,nan,0.00380153,0.0148397,0.0154393,-0.000204603,-0.0014794,-9.53251e-05,-0.00298982,-0.001035,-0.016817,-1.91344e-07
7,-0.189417,32.6292,-0.00356761,0,14.8333,0.383564,1.68615,0.0361468,-0.0172263,25.005,8.77915e-05,0.0259556,0.969498,12774.6,0.712131,0.249775,-0.1,0.02,7.06973,86016,0.0272703,0.0114803,0.0300221,0.0159734,-0.110837,nan,0.00542697,0.0165843,0.0177712,-0.000240682,-0.00153756,-0.000101091,-0.00311798,-0.000950897,-0.0172141,-1.9934e-07
8,-0.0906631,35.1534,-0.00216158,0,15.2083,0.390139,1.69309,0.0381977,-0.0150206,24.9691,8.77915e-05,0.0194467,0.967923,11754.5,0.760284,0.285101,-0.1,0.02,8.11644,98304,0.0303185,0.0126203,0.0324632,0.0172711,-0.117673,nan,0.00618082,0.0176356,0.0192196,-0.000268307,-0.00166632,-0.000106953,-0.00248219,-0.000818817,-0.0172262,-2.02629e-07
9,0.00895805,33.7072,0.00252522,0,14.375,0.383085,1.69155,0.0407278,-0.0148161,24.9413,8.77915e-05,0.0190102,0.966569,12214.3,0.743506,0.262524,-0.1,0.02,9.12402,110592,0.0281718,0.01207,0.0312132,0.0172058,-0.111986,nan,0.00718261,0.0173014,0.0204817,-0.000286364,-0.00158554,-0.000106239,-0.00131304,-0.000681571,-0.01722,-2.0416e-07
10,0.128912,35.2206,0.00450572,0,14.5417,0.378568,1.72684,0.0531671,-0.0152463,24.9183,8.77915e-05,0.0197897,0.965432,13109.8,0.687858,0.249455,-0.1,0.02,10.0637,122880,0.0294803,0.0123045,0.0325028,0.017678,-0.116731,nan,0.0103238,0.0186046,0.0250813,-0.00036527,-0.00152713,-0.000105677,-0.0024212,-0.000829415,-0.0175494,-2.06255e-07
11,0.287517,35.6408,0.00783811,0,14.5,0.375064,1.70465,0.0572873,-0.0149428,24.8976,8.77915e-05,0.0194436,0.964339,10810.1,0.850628,0.286084,-0.1,0.02,11.2017,135168,0.031479,0.0130685,0.0332419,0.0179358,-0.117831,nan,0.0119138,0.0190603,0.0278588,-0.000435681,-0.00143988,-0.000103474,-0.00199713,-0.000765512,-0.0176098,-2.12092e-07
12,0.291768,35.3664,0.0124148,0,13.875,0.356859,1.69717,0.059338,-0.0137953,24.8786,8.77915e-05,0.0162874,0.963428,11925.1,0.774022,0.256412,-0.1,0.02,12.2335,147456,0.0304511,0.0130553,0.0322389,0.0174784,-0.117901,nan,0.0131892,0.0192823,0.0289865,-0.000467822,-0.00143233,-0.000100524,-0.00222823,-0.000729284,-0.0172335,-2.08424e-07
13,0.459215,35.8997,0.0128645,0,14.125,0.361093,1.72062,0.063801,-0.0145793,24.8615,8.77915e-05,0.015323,0.962446,12076.8,0.738469,0.279021,-0.1,0.02,13.2525,159744,0.0318541,0.0132287,0.0320666,0.0178821,-0.117685,nan,0.0149558,0.0203835,0.0319356,-0.000598358,-0.00142489,-9.50843e-05,-0.0020295,-0.000807682,-0.0167045,-2.00895e-07
14,0.525132,37.4517,0.0161213,0,13.375,0.355421,1.70167,0.074042,-0.0118223,24.8425,8.77915e-05,0.0115787,0.961427,10906.6,0.831977,0.294683,-0.1,0.02,14.381,172032,0.0336407,0.013616,0.033638,0.0179719,-0.123707,nan,0.0164486,0.0215234,0.0352868,-0.000668551,-0.00139633,-9.75817e-05,-0.00238629,-0.000992351,-0.0166204,-2.03038e-07
15,0.62474,37.6524,0.0174856,0,13.6667,0.346777,1.67114,0.0775155,-0.0127884,24.8238,8.77915e-05,0.0164818,0.960459,10442.3,0.811765,0.364983,-0.1,0.02,15.5593,184320,0.0337988,0.0138306,0.0341165,0.0180211,-0.123612,nan,0.0172409,0.0214878,0.0378151,-0.000724165,-0.00138002,-9.79892e-05,-0.001875,-0.00105686,-0.0163271,-2.02869e-07
16,0.705082,37.6,0.0196739,0,13.3333,0.351514,1.6781,0.0757672,-0.0117248,24.8062,8.77915e-05,0.0142224,0.959567,12096.6,0.764981,0.250843,-0.1,0.02,16.5767,196608,0.0350902,0.0139723,0.033324,0.0179384,-0.123848,nan,0.01815,0.0222656,0.0399063,-0.000825349,-0.00131572,-9.73185e-05,-0.00211563,-0.0010554,-0.0161351,-2.00657e-07
17,0.761928,38.6195,0.0210453,0,13.25,0.357701,1.68989,0.0685393,-0.0140033,24.7901,8.77915e-05,0.0129738,0.958742,11925.9,0.755469,0.274893,-0.1,0.02,17.6085,208896,0.0345258,0.0139572,0.0341693,0.0174107,-0.126159,nan,0.019434,0.0229214,0.0441088,-0.000887411,-0.00129782,-9.70713e-05,-0.00272642,-0.00124033,-0.0160221,-2.0274e-07
18,0.824274,37.5225,0.0220121,0,13.875,0.356932,1.73378,0.0721625,-0.0140815,24.7747,8.77915e-05,0.0146554,0.95791,11680.6,0.748095,0.303906,-0.1,0.02,18.6619,221184,0.0329166,0.0133256,0.0328568,0.0167572,-0.12186,nan,0.0201261,0.0225225,0.0463448,-0.000937816,-0.00121862,-9.66522e-05,-0.00248949,-0.00128722,-0.0157456,-2.046e-07
19,0.887725,38.0459,0.0238817,0,13.625,0.363679,1.73058,0.070788,-0.0140488,24.7576,8.77915e-05,0.0124228,0.956886,11310.6,0.800374,0.286038,-0.1,0.02,19.7497,233472,0.0340439,0.0135544,0.0331714,0.0168304,-0.124175,nan,0.0216972,0.0229602,0.0489422,-0.00110247,-0.0011892,-9.28263e-05,-0.00283792,-0.00149111,-0.015925,-2.06857e-07
20,0.889847,37.264,0.0275661,0,13.4167,0.366758,1.72012,0.0667415,-0.0129392,24.7383,8.77915e-05,0.0188463,0.955891,11578.2,0.779419,0.281884,-0.1,0.02,20.8126,245760,0.0320385,0.013041,0.0319236,0.0164671,-0.121317,nan,0.0216708,0.0224099,0.0506087,-0.0011402,-0.00111984,-9.24531e-05,-0.00249068,-0.00147374,-0.0160334,-2.06998e-07
21,1.02022,36.8702,0.0300105,0,14.125,0.361491,1.70393,0.0632794,-0.0145105,24.7199,8.77915e-05,0.0166788,0.95496,12198.6,0.749873,0.257453,-0.1,0.02,21.8215,258048,0.0323105,0.0129991,0.0315137,0.0158801,-0.119359,nan,0.0226549,0.0228348,0.0539807,-0.00120722,-0.00102248,-8.67375e-05,-0.00220944,-0.00149255,-0.0157853,-2.10107e-07
22,1.16333,36.8198,0.0328008,0,13.875,0.365121,1.72617,0.0635373,-0.014066,24.7019,8.77915e-05,0.0172227,0.953926,12547.1,0.734039,0.245313,-0.1,0.02,22.8023,270336,0.0325829,0.0129702,0.031911,0.0157745,-0.118909,nan,0.0239099,0.0234895,0.0576741,-0.00134372,-0.00099474,-8.65059e-05,-0.00184384,-0.00153967,-0.015428,-2.06567e-07
23,1.17671,36.9072,0.0313411,0,13.9167,0.377804,1.74431,0.0692678,-0.0130124,24.6829,8.77915e-05,0.0123488,0.952982,11601.5,0.779998,0.279174,-0.1,0.02,23.8629,282624,0.0317444,0.0124838,0.0312801,0.0154877,-0.119081,nan,0.0242515,0.0230958,0.0613786,-0.00135454,-0.000931451,-8.30716e-05,-0.00186228,-0.00149164,-0.0160823,-2.13838e-07
24,1.2536,38.1693,0.0343834,0,13.0417,0.370078,1.73522,0.0692408,-0.0139561,24.665,8.77915e-05,0.0152506,0.952006,11158.4,0.825899,0.275332,-0.1,0.02,24.9656,294912,0.0328119,0.012951,0.0315309,0.0154595,-0.12245,nan,0.0252939,0.0242268,0.0638071,-0.00133332,-0.000988508,-8.97416e-05,-0.00160383,-0.00146009,-0.0154754,-2.08675e-07
25,1.28597,38.8882,0.0340797,0,13.0417,0.371508,1.78058,0.0646183,-0.0130278,24.6459,8.77915e-05,0.0101562,0.950989,12441.4,0.736793,0.250875,-0.1,0.02,25.9546,307200,0.032247,0.0132717,0.0323561,0.0158928,-0.125131,nan,0.0258115,0.0243962,0.0679867,-0.0014517,-0.000997126,-8.78489e-05,-0.00232588,-0.0015644,-0.0161046,-2.20237e-07
26,1.35978,39.9827,0.0354848,0,12.0417,0.370689,1.70914,0.0707042,-0.0131701,24.6281,8.77915e-05,0.0123347,0.950161,12353.7,0.726612,0.268068,-0.1,0.02,26.9507,319488,0.0353021,0.0135182,0.0321411,0.0160776,-0.128534,nan,0.0257024,0.0256851,0.0693999,-0.00151293,-0.00103619,-8.86005e-05,-0.00149827,-0.0017076,-0.0154603,-2.08447e-07
27,1.46613,40.7752,0.0362644,0,12.7917,0.369975,1.67861,0.0698543,-0.0133072,24.6123,8.77915e-05,0.017392,0.949232,12540.6,0.717112,0.262745,-0.1,0.02,27.9319,331776,0.0345452,0.0141588,0.0324956,0.0156879,-0.130954,nan,0.0270586,0.0263518,0.0757086,-0.00153676,-0.00101178,-9.32384e-05,-0.00166775,-0.00185342,-0.0155827,-2.08004e-07
28,1.48419,42.1014,0.0370614,0,11.5,0.36933,1.68538,0.0777811,-0.0137414,24.5933,8.77915e-05,0.0129998,0.948206,11642.6,0.773452,0.281981,-0.1,0.02,28.9888,344064,0.0358829,0.0149983,0.0336142,0.0159116,-0.134994,nan,0.0273261,0.0269565,0.0765408,-0.00139195,-0.0010349,-9.19118e-05,-0.00231522,-0.00167628,-0.015517,-2.10921e-07
29,1.54521,42.9059,0.0373691,0,11.9583,0.373443,1.6711,0.0811507,-0.0140601,24.575,8.77915e-05,0.0127275,0.947333,12172.9,0.753076,0.256383,-0.1,0.02,29.9995,356352,0.0356107,0.0156741,0.0341893,0.0159347,-0.137485,nan,0.0282962,0.027561,0.0798544,-0.0014518,-0.00107199,-9.30705e-05,-0.00216376,-0.00186939,-0.0157249,-2.13505e-07
30,1.60155,42.9672,0.0376451,0,11.4167,0.373963,1.73937,0.0808718,-0.0134112,24.5592,8.77915e-05,0.0156817,0.946519,12500.8,0.702284,0.280695,-0.1,0.02,30.984,368640,0.0370199,0.0157415,0.033978,0.0152271,-0.137086,nan,0.0279088,0.0276168,0.0824835,-0.00150807,-0.000993074,-8.95796e-05,-0.00243796,-0.00184904,-0.0159342,-2.2185e-07
31,1.66068,42.9964,0.0400347,0,11.5417,0.383851,1.73124,0.0795828,-0.0151828,24.5443,8.77915e-05,0.0147127,0.9458,13021.9,0.662152,0.281486,-0.1,0.02,31.929,380928,0.0362439,0.0150169,0.0353291,0.0154938,-0.137522,nan,0.0287653,0.0278195,0.0844725,-0.00158214,-0.00093307,-9.46732e-05,-0.00225632,-0.00187354,-0.0158452,-2.22125e-07
32,1.77004,45.0036,0.0403722,0,11.625,0.381767,1.7264,0.0791509,-0.0141914,24.5297,8.77915e-05,0.0166661,0.944915,10534.9,0.723347,0.443067,-0.1,0.02,33.0967,393216,0.0371726,0.0158977,0.0343391,0.014991,-0.143791,nan,0.0306774,0.0283082,0.0940791,-0.00155995,-0.000959956,-9.61835e-05,-0.00257348,-0.00223375,-0.0157488,-2.14304e-07
33,1.87083,44.7963,0.0443676,0,11.25,0.368909,1.6674,0.0831845,-0.013666,24.5104,8.77915e-05,0.0151069,0.943785,8764.58,1.01258,0.389427,-0.1,0.02,34.5005,405504,0.0378847,0.0162734,0.0344649,0.0150187,-0.143255,nan,0.031,0.0286815,0.0960598,-0.00161985,-0.000927024,-9.03032e-05,-0.00212963,-0.00207343,-0.0157463,-2.22196e-07
34,2.02405,45.954,0.0443759,0,10.875,0.383027,1.69897,0.0933526,-0.0129298,24.4893,8.77915e-05,0.00895995,0.942731,9357.46,0.931387,0.38179,-0.1,0.02,35.8158,417792,0.0392711,0.0173573,0.0342959,0.0143248,-0.146081,nan,0.033,0.0294598,0.102222,-0.00174631,-0.00102691,-9.54786e-05,-0.00128352,-0.0022141,-0.0162813,-2.26792e-07
35,2.03424,47,0.0469788,0,10.4583,0.378749,1.68496,0.0902727,-0.0144966,24.4704,8.77915e-05,0.0128599,0.941824,8269.52,1.02427,0.461669,-0.1,0.02,37.3033,430080,0.0398816,0.0176721,0.0360065,0.0143657,-0.149494,nan,0.0337291,0.0295299,0.102275,-0.00170554,-0.00101832,-9.27751e-05,-0.00184861,-0.0020554,-0.0155329,-2.18931e-07
36,2.2656,46.6098,0.0478241,0,11,0.392783,1.75681,0.0897248,-0.0148986,24.4545,8.77915e-05,0.0109253,0.941068,8851.7,0.950953,0.437255,-0.1,0.02,38.6934,442368,0.0379604,0.0164936,0.0361979,0.0140138,-0.14742,nan,0.0366023,0.0296818,0.112693,-0.00177956,-0.000943381,-9.2181e-05,-0.00177273,-0.002042,-0.0163123,-2.38546e-07
37,2.35093,48.0263,0.0515893,0,9.5,0.37194,1.64288,0.101511,-0.0144539,24.4405,8.77915e-05,0.0143081,0.94036,10048.6,0.851348,0.37151,-0.1,0.02,39.9178,454656,0.0393674,0.0177247,0.0358549,0.0137801,-0.152289,nan,0.0362105,0.0296096,0.120136,-0.00189249,-0.000883807,-9.51501e-05,-0.00174561,-0.00234233,-0.0158884,-2.28541e-07
38,2.43898,48.2258,0.0499738,0,10.3333,0.374311,1.62863,0.111888,-0.0141184,24.4253,8.77915e-05,0.0150435,0.939396,10779.2,0.770101,0.369871,-0.1,0.02,41.0593,466944,0.0406913,0.0177118,0.037272,0.0135228,-0.151802,nan,0.0374516,0.0300726,0.120123,-0.00192406,-0.000859888,-9.17454e-05,-0.00179032,-0.00232034,-0.0161073,-2.36592e-07
39,2.42861,48.2461,0.0522311,0,7.95833,0.362421,1.58164,0.142014,-0.0158648,24.4056,5.85277e-05,0.0208133,0.938366,8587.1,1.05874,0.372248,-0.1,0.02,42.4918,479232,0.0398485,0.0182817,0.0376545,0.0133506,-0.153044,nan,0.037712,0.0299686,0.120461,-0.00181983,-0.000966348,-8.92981e-05,-0.00166492,-0.00243327,-0.0158283,-2.35726e-07
40,2.58384,49.75,0.051174,0,8,0.372433,1.6,0.142411,-0.0130254,24.3904,5.85277e-05,0.00900734,0.937851,9795.51,0.880112,0.37434,-0.1,0.02,43.7481,491520,0.0415114,0.0190497,0.0377604,0.0131351,-0.157337,nan,0.0395469,0.0306719,0.128284,-0.00209208,-0.00086216,-8.84855e-05,-0.00130729,-0.00281501,-0.0162652,-2.43676e-07
41,2.78317,53.6226,0.0546183,0,6.625,0.345861,1.52099,0.150353,-0.0116925,24.3816,5.85277e-05,0.0114968,0.937425,10720,0.822743,0.323521,-0.1,0.02,44.8961,503808,0.0456142,0.019902,0.0401914,0.0132579,-0.16828,nan,0.0443774,0.0299308,0.139931,-0.00202057,-0.00101539,-9.86908e-05,-0.00296855,-0.00346102,-0.0162014,-2.38123e-07
42,3.00858,55.5948,0.0569114,0,6.375,0.338073,1.4571,0.163566,-0.011771,24.3737,5.85277e-05,0.0113359,0.937023,10496.1,0.799705,0.371013,-0.1,0.02,46.0684,516096,0.0469923,0.0220996,0.0397259,0.012787,-0.174093,nan,0.0438235,0.031719,0.152456,-0.00207468,-0.000933544,-9.13348e-05,-0.00236601,-0.00371663,-0.0158978,-2.41072e-07
43,3.34108,59.0504,0.0579963,0,4.95833,0.308488,1.41714,0.164314,-0.0117101,24.366,5.85277e-05,0.0104383,0.936651,10701.4,0.808452,0.339806,-0.1,0.02,47.2183,528384,0.052318,0.0241614,0.0403512,0.0128778,-0.186465,nan,0.0447983,0.0321849,0.172428,-0.00205805,-0.00107051,-9.51836e-05,-0.00269748,-0.00416384,-0.0155152,-2.35456e-07
44,3.51428,59.233,0.0595208,0,4.29167,0.305988,1.34236,0.172545,-0.0103138,24.3594,5.85277e-05,0.0108358,0.936303,11299.5,0.753439,0.334039,-0.1,0.02,48.3074,540672,0.0518053,0.0229551,0.0393578,0.0120203,-0.188364,nan,0.0474175,0.0303204,0.185323,-0.00221449,-0.00111046,-9.12737e-05,-0.00239806,-0.00419908,-0.0151075,-2.3249e-07
45,3.88174,67.6705,0.0625579,0,3.66667,0.28162,1.30831,0.17507,-0.0106053,24.3528,5.85277e-05,0.0117408,0.936001,10747.5,0.7858,0.357537,-0.1,0.02,49.4522,552960,0.0625635,0.0287698,0.0384677,0.0111526,-0.213763,nan,0.0502841,0.029875,0.214127,-0.00230812,-0.0010896,-9.8626e-05,-0.00205682,-0.00566263,-0.0161732,-2.39233e-07
46,3.87921,66.0133,0.0625423,0,3.125,0.280656,1.27435,0.189401,-0.00974557,24.3476,5.85277e-05,0.00531257,0.935757,10879.2,0.762644,0.366853,-0.1,0.02,50.5833,565248,0.0604565,0.0289816,0.039598,0.0119412,-0.20611,nan,0.04908,0.0313867,0.203985,-0.00208818,-0.001185,-9.32157e-05,-0.00192,-0.00468643,-0.015385,-2.29483e-07
47,3.88424,65.4151,0.065437,0,2.20833,0.270473,1.22067,0.201694,-0.00941996,24.3431,5.85277e-05,0.0101912,0.935537,11955.9,0.688055,0.339718,-0.1,0.02,51.6133,577536,0.0590921,0.0298432,0.0400252,0.0119005,-0.205022,nan,0.0490755,0.031566,0.203062,-0.002272,-0.0012147,-9.52481e-05,-0.00143396,-0.0050954,-0.0152195,-2.32044e-07
48,4.4675,83.2778,0.0670298,0,2.25,0.248417,1.21516,0.187297,-0.010952,24.3387,5.85277e-05,0.0102176,0.935275,13337,0.587492,0.333852,-0.1,0.02,52.536,589824,0.0876562,0.0408258,0.0398838,0.0106935,-0.26122,nan,0.0504444,0.031963,0.253837,-0.00270328,-0.0010794,-9.3351e-05,-0.00288889,-0.00801455,-0.0159292,-2.38363e-07
49,4.6233,74.4667,0.0688741,0,1.25,0.245288,1.159,0.181672,-0.0112074,24.3339,5.85277e-05,0.0123545,0.935082,11057,0.711644,0.399691,-0.1,0.02,53.6488,602112,0.0746844,0.0322308,0.0378982,0.0113345,-0.232576,nan,0.0573,0.032,0.246311,-0.00249736,-0.00128671,-8.86568e-05,-0.00193333,-0.00648126,-0.0157297,-2.35495e-07
50,4.59711,88.1724,0.0698384,0,1.20833,0.237977,1.14451,0.159162,-0.00895146,24.3305,5.85277e-05,0.0105738,0.934868,11724.6,0.677632,0.370418,-0.1,0.02,54.6984,614400,0.0887998,0.0415993,0.0361557,0.0100301,-0.274095,nan,0.0545172,0.042931,0.264931,-0.00278742,-0.00207607,-0.00012162,-0.00386207,-0.00916016,-0.0170056,-2.36665e-07
51,3.87927,88,0.0712721,0,0.5,0.219007,1.09606,0.148355,-0.00811967,24.3258,8.77915e-05,0.00474744,0.934631,11706.7,0.710745,0.338909,-0.1,0.02,55.7495,626688,0.0738272,0.0417275,0.0370307,0.0119744,-0.283169,nan,0.05975,0.0429167,0.243996,-0.00332572,-0.00182269,-0.000129441,-0.00225,-0.00958888,-0.0169732,-2.32054e-07
52,3.42562,66.7778,0.0721178,0,0.375,0.214914,1.10412,0.131575,-0.0104608,24.3205,8.77915e-05,0.0113842,0.934316,12500.4,0.6207,0.362305,-0.1,0.02,56.7338,638976,0.0682009,0.0294733,0.0406853,0.00973593,-0.208952,nan,0.0493333,0.0367778,0.174803,-0.00268067,-0.00212445,-0.000134385,-0.00188889,-0.00510046,-0.0168468,-2.19863e-07
53,3.51427,63.4,0.0735977,0,0.208333,0.203077,1.0778,0.132173,-0.0104307,24.3151,8.77915e-05,0.0118397,0.934064,10887.5,0.753718,0.374913,-0.1,0.02,57.8644,651264,0.0566572,0.0217639,0.0409305,0.00889136,-0.193423,nan,0.0522,0.0354,0.178239,-0.0020467,-0.00106115,-0.000143559,-0.0012,-0.00580661,-0.0146874,-2.10112e-07
54,3.59316,69.7143,0.0733198,0,0.291667,0.204866,1.05037,0.127588,-0.0087761,24.3095,8.77915e-05,0.00696937,0.933673,10871.6,0.767033,0.363255,-0.1,0.02,58.9962,663552,0.0564787,0.0266836,0.0298303,0.00905962,-0.209106,nan,0.048,0.0348571,0.218453,-0.00293931,-0.00179728,-0.000109138,-0.000285714,-0.00802665,-0.0214402,-2.64295e-07
55,2.43567,50.75,0.0744497,0,0.166667,0.201891,1.04022,0.108429,-0.0101389,24.3005,8.77915e-05,0.0130801,0.933155,10764.9,0.658324,0.483165,-0.1,0.02,60.1391,675840,0.0416528,0.0205313,0.0312698,0.0107566,-0.154519,nan,0.02775,0.04475,0.118125,-0.00139748,-0.00136937,-0.000103958,0,-0.001951,-0.0137115,-1.89664e-07
56,2.76747,47.3333,0.0764568,0,0.125,0.197774,1.04706,0.10927,-0.00706134,24.2899,8.77915e-05,0.0114114,0.932556,10958,0.778054,0.343322,-0.1,0.02,61.2634,688128,0.0402924,0.0169651,0.0368207,0.00581343,-0.149624,nan,0.037,0.0286667,0.147656,-0.00307468,-0.00127372,-9.80095e-05,0,-0.00489923,-0.0158705,-2.04439e-07
57,1.67003,34,0.0754127,0,0.0416667,0.194551,1.04621,0.100982,-0.0107325,24.2776,8.77915e-05,0.0102162,0.931923,9451.02,0.941393,0.358784,-0.1,0.02,62.5651,700416,0.0195277,0.00787413,0.037846,0.00695112,-0.100323,nan,0.03,0.019,0.0870685,-0.00338798,-0.000418218,-4.28922e-05,0,-0.00398093,-0.0166126,-3.23587e-07
58,12.4158,152.5,0.0772445,0,0.0833333,0.191638,1.04883,0.116293,-0.00807976,24.2659,8.77915e-05,0.0105438,0.93134,12744,0.631026,0.333195,-0.1,0.02,63.531,712704,0.220871,0.0917878,0.0516094,0.0103169,-0.465534,nan,0.0945,0.0355,0.628789,-0.00260154,-0.0010072,-5.72249e-05,0,-0.0240706,-0.0193124,-2.44429e-07
59,2.19876,193,0.078362,0,0.0416667,0.192908,1.02626,0.0942717,-0.00645275,24.2546,8.77915e-05,0.00595604,0.930718,11875.2,0.71386,0.320901,-0.1,0.02,64.5673,724992,0.170992,0.133118,0.0385436,0.00932309,-0.606341,nan,0.153,0.103,0.201824,-0.00177996,-0.00879506,-0.000385109,-0.015,-0.0464006,-0.0211601,-1.58214e-07
60,33.9755,421,0.0778889,0,0.0833333,0.193646,1.02211,0.105495,-0.00729157,24.242,5.85277e-05,0.021957,0.93009,10730.7,0.754577,0.390546,-0.1,0.02,65.7139,737280,0.580556,0.284456,0.0366688,0.0106187,-1.33764,nan,0.2085,0.0605,1.97741,-0.00560283,-0.0039132,-0.000198702,-0.0075,-0.0745486,-0.0305296,-3.75312e-07
61,8.67576,182,0.0784785,0,0.166667,0.194772,1.0321,0.0876387,-0.00691094,24.2323,5.85277e-05,0.00954102,0.92969,10728,0.804539,0.340875,-0.1,0.02,66.8611,749568,0.167117,0.108394,0.0452736,0.0072529,-0.567245,nan,0.0945,0.04875,0.597893,-0.00500042,-0.00385178,-0.000139766,-0.0015,-0.0348815,-0.022773,-3.18718e-07
62,28.0535,325,0.0784232,0,0.125,0.194675,1.00559,0.120057,-0.00718284,24.2245,5.85277e-05,0.00507708,0.929322,11860.6,0.670401,0.365632,-0.1,0.02,67.8987,761856,0.466389,0.224842,0.0438036,0.00965215,-1.02826,nan,0.171,0.048,1.56414,-0.00489189,-0.00309512,-0.00010753,0,-0.0606099,-0.028183,-3.83835e-07
63,19.9207,311,0.0781394,0,0.125,0.196308,1.02106,0.126357,-0.00807397,24.2175,5.85277e-05,0.00854826,0.928915,11590,0.680523,0.379701,-0.1,0.02,68.9606,774144,0.421885,0.202142,0.0363768,0.0102639,-0.975448,nan,0.146,0.0403333,1.19662,-0.00516541,-0.00211325,-0.00012676,-0.000666667,-0.0467945,-0.0272695,-4.08576e-07
64,29.9869,465.833,0.0786277,0,0.25,0.197166,1.00476,0.180629,-0.00852382,24.2095,5.85277e-05,0.0069683,0.928553,12136.2,0.680834,0.331674,-0.1,0.02,69.9745,786432,0.593174,0.309862,0.049973,0.0126404,-1.46266,nan,0.2145,0.0618333,1.8575,-0.00704187,-0.00476332,-0.000194385,-0.00616667,-0.0844533,-0.0348564,-4.4065e-07
65,27.3992,364.8,0.0780327,0,0.208333,0.195832,1.01205,0.137573,-0.00881676,24.203,5.85277e-05,0.0119875,0.928214,11981.4,0.6912,0.334392,-0.1,0.02,71.0013,798720,0.566546,0.23758,0.0384098,0.00863778,-1.14026,nan,0.1332,0.0434,1.58748,-0.00589236,-0.00244427,-0.000146019,-0.0062,-0.0615058,-0.0288475,-3.90943e-07
66,1.47964,30,0.0792507,0,0.0416667,0.197876,0.988562,0.0926015,-0.00822136,24.196,5.85277e-05,0.00517749,0.927815,12502.2,0.637843,0.345025,-0.1,0.02,71.9855,811008,0.013408,0.00809012,0.0315794,0.0040702,-0.090743,nan,0.027,0.018,0.0860153,-0.00280692,-0.000693682,-2.22149e-05,0,-0.00216379,-0.0177512,-3.05176e-07
67,2.47692,38,0.0791884,0,0.0416667,0.194279,0.97308,0.0817067,-0.00788215,24.1876,5.85277e-05,0.00838939,0.927362,11533.1,0.686862,0.378593,-0.1,0.02,73.0523,823296,0.0358159,0.016195,0.0248469,0.00874114,-0.124721,nan,0.048,0.015,0.121041,-0.00199093,-0.000591199,-8.38551e-05,0,-0.00630273,-0.0121041,-1.82982e-07
68,nan,nan,0.079068,0,0,0.193589,0.962229,0.0794855,-0.00903023,24.1785,5.85277e-05,0.00825835,0.926862,10786.8,0.737658,0.401514,-0.1,0.02,74.1931,835584,nan,nan,nan,nan,nan,nan,nan,nan,nan,nan,nan,nan,nan,nan,nan,nan
69,3.45966,125,0.0799742,0,0.0416667,0.19151,0.939612,0.0755141,-0.00765093,24.1684,5.85277e-05,0.00757164,0.92634,12501.7,0.689018,0.293889,-0.1,0.02,75.1775,847872,0.140693,0.0703522,0.0439072,0.00623387,-0.371941,nan,0.066,0.089,0.176358,-0.00261427,-0.00672411,-0.000249909,0,-0.0224039,-0.0156272,-1.95364e-07
70,nan,nan,0.0802688,0,0,0.192512,0.934503,0.0698989,-0.00733467,24.1577,5.85277e-05,0.0070311,0.925725,13045.5,0.596424,0.345509,-0.1,0.02,76.1207,860160,nan,nan,nan,nan,nan,nan,nan,nan,nan,nan,nan,nan,nan,nan,nan,nan
71,nan,nan,0.0808161,0,0,0.19413,0.929179,0.0699946,-0.00800316,24.1455,5.85277e-05,0.00659984,0.925141,11327.7,0.735816,0.348954,-0.1,0.02,77.2069,872448,nan,nan,nan,nan,nan,nan,nan,nan,nan,nan,nan,nan,nan,nan,nan,nan
72,42.1963,1000,0.0812241,0.0416667,0,0.192649,0.920333,0.0713681,-0.00645259,24.1342,5.85277e-05,0.00934333,0.924528,12663.3,0.6427,0.327664,-0.1,0.02,78.1786,884736,1.38018,0.689209,0.0424976,0.0181701,-3.14042,nan,0.351,0.167,2.93561,-0.0122731,-0.0146769,-0.000562154,-0.02,-0.216421,-0.0695004,-7.1929e-07
73,nan,nan,0.0806593,0,0,0.192383,0.9397,0.0667101,-0.0067993,24.122,5.85277e-05,0.00984625,0.923892,12446.4,0.6287,0.358577,-0.1,0.02,79.1673,897024,nan,nan,nan,nan,nan,nan,nan,nan,nan,nan,nan,nan,nan,nan,nan,nan
74,nan,nan,0.0809807,0,0,0.193277,0.920237,0.0689932,-0.00713341,24.1098,5.85277e-05,0.00842637,0.923303,10904.4,0.772541,0.35434,-0.1,0.02,80.2958,909312,nan,nan,nan,nan,nan,nan,nan,nan,nan,nan,nan,nan,nan,nan,nan,nan
75,43.3795,766.25,0.0811637,0.125,0.0416667,0.192219,0.91539,0.0903814,-0.00734192,24.0992,5.85277e-05,0.00546837,0.922814,11248.4,0.744232,0.348192,-0.1,0.02,81.3899,921600,1.08814,0.511326,0.0381786,0.0123677,-2.40605,nan,0.2625,0.113,2.82325,-0.0105312,-0.008685,-0.000364181,-0.05025,-0.153226,-0.0506824,-5.94932e-07
76,56.5127,1000,0.0808185,0.333333,0,0.194074,0.939768,0.0751349,-0.00823799,24.0897,5.85277e-05,0.00815425,0.922298,12220.2,0.692209,0.313342,-0.1,0.02,82.3969,933888,1.37056,0.69921,0.0390921,0.0126772,-3.14722,nan,0.2805,0.089625,3.79547,-0.0109103,-0.00722153,-0.000328878,-0.019625,-0.215968,-0.0602229,-6.9301e-07
77,64.0856,926.846,0.0812042,0.5,0.0416667,0.19357,0.931461,0.0816795,-0.0081116,24.0789,5.85277e-05,0.00777982,0.921698,11196.6,0.701048,0.396432,-0.1,0.02,83.4957,946176,1.18003,0.654003,0.0463504,0.0147344,-2.89094,nan,0.298385,0.107385,4.08215,-0.0126659,-0.00861956,-0.000328997,-0.0168462,-0.193713,-0.0556313,-6.90042e-07
78,65.2305,903.5,0.082027,0.375,0.0416667,0.198323,0.973996,0.0929777,-0.00824844,24.0675,5.85277e-05,0.00573639,0.92119,11722.1,0.667158,0.381117,-0.1,0.02,84.5461,958464,1.1761,0.61461,0.0379436,0.0116012,-2.81436,nan,0.3177,0.0831,4.11826,-0.0125843,-0.00715733,-0.000305464,-0.0185,-0.19242,-0.0524577,-6.81555e-07
79,56.953,807.8,0.0826297,0.666667,0.166667,0.197163,0.950123,0.1313,-0.00642945,24.0594,5.85277e-05,0.0086715,0.920891,8902.15,0.848235,0.532106,-0.1,0.02,85.9282,970752,1.03013,0.545356,0.040388,0.0104079,-2.50627,nan,0.2229,0.0708,3.69587,-0.0106849,-0.00598362,-0.000232755,-0.02255,-0.174626,-0.0478539,-5.989e-07
80,61.9678,850.6,0.081511,1.16667,0.291667,0.201211,0.975535,0.233654,-0.00821344,24.0546,5.85277e-05,0.0109905,0.920655,11833.3,0.724535,0.313892,-0.1,0.02,86.9687,983040,1.11718,0.592424,0.0409801,0.0123766,-2.64061,nan,0.252,0.0702286,3.91267,-0.0110663,-0.00565084,-0.00023541,-0.00982857,-0.182364,-0.0497025,-6.46106e-07
81,63.7029,835.167,0.0814122,1.125,0.375,0.211922,0.996756,0.253996,-0.00736021,24.0503,5.85277e-05,0.00797554,0.920469,11972.8,0.69204,0.334288,-0.1,0.02,87.9963,995328,1.07266,0.590603,0.040762,0.0110597,-2.59144,nan,0.256083,0.0605556,3.99847,-0.0117141,-0.00465809,-0.00019936,-0.0103333,-0.177925,-0.0487798,-6.4674e-07
82,59.3905,808.709,0.0792767,1.83333,0.458333,0.22024,1.02743,0.247871,-0.00743374,24.0469,5.85277e-05,0.00781181,0.920283,10565.9,0.757888,0.405098,-0.1,0.02,89.1609,1.00762e+06,1.06085,0.578561,0.04224,0.0106761,-2.51263,nan,0.218018,0.0590545,3.75811,-0.0107583,-0.00457777,-0.00019101,-0.00765455,-0.176066,-0.0461064,-6.12232e-07
83,58.1875,754.744,0.0791821,1.20833,0.416667,0.233192,1.03585,0.247692,-0.00649232,24.0434,5.85277e-05,0.00912557,0.920164,11813,0.69201,0.348204,-0.1,0.02,90.2026,1.0199e+06,0.984221,0.5284,0.0405372,0.0102014,-2.34453,nan,0.192692,0.0501282,3.67787,-0.0106651,-0.00383924,-0.000171908,-0.00684615,-0.166092,-0.0425315,-5.87547e-07
84,66.4599,875.639,0.0795522,2.20833,0.333333,0.234239,1.04321,0.22757,-0.00753897,24.0415,5.85277e-05,0.0124074,0.920058,11886.7,0.671142,0.362621,-0.1,0.02,91.2377,1.03219e+06,1.12135,0.620041,0.0412907,0.0103319,-2.71096,nan,0.19982,0.0462951,4.26735,-0.0126544,-0.00365639,-0.000176256,-0.0108525,-0.196936,-0.0482494,-6.41827e-07
85,57.642,765.263,0.0775301,1.79167,0.583333,0.241866,1.04533,0.284757,-0.00825071,24.0394,5.85277e-05,0.0110663,0.919954,11488.3,0.724187,0.345427,-0.1,0.02,92.3087,1.04448e+06,1.017,0.548336,0.0377465,0.00995216,-2.36583,nan,0.167947,0.046193,3.6582,-0.0108293,-0.00352551,-0.000151337,-0.00731579,-0.17309,-0.0425274,-5.81896e-07
86,69.3828,888.088,0.078453,1.25,0.166667,0.242657,1.03491,0.22853,-0.0082066,24.0371,5.85277e-05,0.00997101,0.919815,11981,0.701894,0.323731,-0.1,0.02,93.3359,1.05677e+06,1.15711,0.641291,0.0412912,0.0103042,-2.75526,nan,0.186706,0.0448235,4.41944,-0.0123222,-0.00365018,-0.00014634,-0.0103529,-0.203143,-0.0469566,-6.34723e-07
87,58.9441,743.679,0.0784081,1.70833,0.625,0.230592,1.0189,0.237653,-0.0091692,24.0339,5.85277e-05,0.0116174,0.919638,11426.2,0.785543,0.289883,-0.1,0.02,94.4127,1.06906e+06,0.972809,0.531655,0.0393668,0.00873769,-2.29464,nan,0.142982,0.0372679,3.74591,-0.0112401,-0.00320354,-0.000132301,-0.007125,-0.174439,-0.0407471,-5.73159e-07
88,61.2926,774.176,0.0779932,1.625,0.5,0.238473,1.02887,0.264239,-0.0102444,24.0301,5.85277e-05,0.00642465,0.919421,11676.2,0.686926,0.365471,-0.1,0.02,95.4666,1.08134e+06,1.04305,0.55429,0.0372318,0.00868112,-2.3814,nan,0.144294,0.0370196,3.86629,-0.0113014,-0.00277796,-0.00012777,-0.0044902,-0.184041,-0.042089,-5.81889e-07
89,55.0689,682.333,0.0797696,0.916667,0.458333,0.236008,1.01576,0.269811,-0.00899538,24.0265,5.85277e-05,0.0102558,0.919318,11460.4,0.733677,0.338541,-0.1,0.02,96.5405,1.09363e+06,0.925512,0.491754,0.0378982,0.006876,-2.10078,nan,0.136909,0.0361818,3.43693,-0.0103025,-0.00269871,-0.000124627,-0.00378788,-0.162082,-0.0388474,-5.33153e-07
90,61.4729,744.556,0.0791579,1.375,0.5,0.225712,0.989758,0.210598,-0.00884206,24.024,5.85277e-05,0.00621536,0.919073,11640.5,0.742275,0.313353,-0.1,0.02,97.5976,1.10592e+06,0.960452,0.558017,0.0380845,0.00769452,-2.29307,nan,0.1188,0.0361111,3.88789,-0.0114235,-0.00259656,-0.00010396,-0.00413333,-0.181941,-0.040138,-5.61818e-07
91,50.8103,622.217,0.080177,0.583333,0.375,0.232767,1.00044,0.332461,-0.00915299,24.0186,5.85277e-05,0.0100662,0.918846,13241.2,0.590207,0.337809,-0.1,0.02,98.5269,1.11821e+06,0.821364,0.436386,0.0359384,0.00781624,-1.91944,nan,0.112043,0.0362609,3.21855,-0.0101931,-0.00267622,-0.000115729,-0.00404348,-0.155227,-0.0361508,-5.00415e-07
92,55.2037,629.269,0.0810138,0.666667,0.416667,0.215558,0.98083,0.219928,-0.00968501,24.0144,5.85277e-05,0.0073246,0.91862,12499.5,0.632371,0.35071,-0.1,0.02,99.5117,1.1305e+06,0.836501,0.468295,0.0342421,0.00686352,-1.92851,nan,0.0888462,0.0275769,3.43961,-0.0103786,-0.00192791,-8.03107e-05,-0.00638462,-0.158989,-0.035477,-5.02877e-07
93,54.9667,679,0.0824009,0.166667,0.0833333,0.215708,0.942743,0.12195,-0.00891803,24.0097,5.85277e-05,0.00709943,0.918366,12232.4,0.665872,0.338677,-0.1,0.02,100.518,1.14278e+06,0.791828,0.515652,0.03703,0.00670328,-2.08172,nan,0.0815,0.0276667,3.60543,-0.0108979,-0.00193419,-8.59965e-05,-0.008,-0.180354,-0.0344811,-5.01304e-07
94,59.3985,680.556,0.0824757,0.25,0.125,0.200593,0.9207,0.0997726,-0.00938156,24.003,5.85277e-05,0.0113752,0.917881,13858.3,0.606408,0.280283,-0.1,0.02,101.406,1.15507e+06,0.931658,0.555516,0.0356614,0.00662645,-2.09762,nan,0.0836667,0.029,3.64771,-0.0119981,-0.00171661,-0.000108161,-0.00211111,-0.171507,-0.0348601,-5.00911e-07
95,88.2774,1000,0.0840684,0.0416667,0,0.200683,0.895074,0.0818861,-0.00952754,23.9914,5.85277e-05,0.0101091,0.917223,11749.3,0.698188,0.347661,-0.1,0.02,102.453,1.16736e+06,1.20913,0.658017,0.0372978,0.00682069,-3.00305,nan,0.12,0.025,5.68846,-0.0108753,-0.002679,-0.000143573,0,-0.266665,-0.0474461,-6.47757e-07
96,51.3555,728.143,0.084537,0.208333,0.0833333,0.196964,0.895679,0.0634043,-0.00769952,23.9777,5.85277e-05,0.00589201,0.916473,11969.5,0.64142,0.385191,-0.1,0.02,103.481,1.17965e+06,1.0452,0.549352,0.0308773,0.00632981,-2.22842,nan,0.0964286,0.0262857,3.28353,-0.0111224,-0.00207728,-0.000121011,-0.00485714,-0.185708,-0.0379131,-5.42755e-07
97,75.6969,1000,0.0837439,0.0833333,0,0.199009,0.877528,0.0618048,-0.00788443,23.9624,5.85277e-05,0.00843566,0.915671,12137.2,0.699028,0.313399,-0.1,0.02,104.495,1.19194e+06,1.40682,0.72026,0.0351129,0.00929106,-3.07858,nan,0.0885,0.0295,4.91638,-0.0168057,-0.0020324,-0.000119264,-0.002,-0.273782,-0.0476997,-6.25541e-07
98,47.4215,522,0.0834937,0.0833333,0.0833333,0.198708,0.886706,0.0718979,-0.00795988,23.9468,8.77915e-05,0.00462145,0.914905,12181,0.667877,0.340909,-0.1,0.02,105.505,1.20422e+06,0.727014,0.371202,0.0310108,0.0050842,-1.61527,nan,0.06,0.02225,2.9535,-0.00976919,-0.000933185,-6.78058e-05,-0.001,-0.143968,-0.0279751,-4.08624e-07
99,nan,nan,0.0852603,0,0,0.197737,0.868555,0.0585827,-0.00763612,23.9292,8.77915e-05,0.0071848,0.913838,11715.5,0.698751,0.350115,-0.1,0.02,106.556,1.21651e+06,nan,nan,nan,nan,nan,nan,nan,nan,nan,nan,nan,nan,nan,nan,nan,nan
100,88.1389,1000,0.0854808,0.0833333,0,0.196497,0.846987,0.0513417,-0.00912671,23.9075,8.77915e-05,0.0125313,0.912741,12368.5,0.637584,0.355905,-0.1,0.02,107.551,1.2288e+06,1.41938,0.729567,0.0298291,0.00574598,-3.06127,nan,0.108,0.0315,5.47141,-0.0127152,-0.00221821,-0.000110372,0,-0.267124,-0.045047,-6.79369e-07
101,48.5411,519,0.0870181,0.0416667,0.0416667,0.194982,0.847334,0.060236,-0.00721071,23.888,8.77915e-05,0.00643632,0.911902,15170.6,0.543458,0.266527,-0.1,0.02,110.69,1.24109e+06,0.787948,0.348033,0.0437423,0.00643848,-1.58199,nan,0.0645,0.029,2.9169,-0.00912095,-0.00196603,-9.24966e-05,-0.0085,-0.141122,-0.026708,-4.16107e-07
102,nan,nan,0.0871072,0,0,0.197748,0.865332,0.0437342,-0.00679305,23.871,8.77915e-05,0.00763105,0.910921,16098.9,0.507012,0.256269,-0.1,0.02,111.455,1.25338e+06,nan,nan,nan,nan,nan,nan,nan,nan,nan,nan,nan,nan,nan,nan,nan,nan
103,76.6067,1000,0.0868068,0.0833333,0,0.196764,0.86336,0.0457037,-0.00842939,23.8496,8.77915e-05,0.00668955,0.909747,15459.2,0.536521,0.258347,-0.1,0.02,112.251,1.26566e+06,1.33454,0.747353,0.051216,0.0122747,-3.03477,nan,0.0885,0.0435,4.93708,-0.0138995,-0.00259438,-0.00015827,-0.007,-0.28281,-0.0428902,-5.88952e-07
104,92.6014,1000,0.0869212,0.0833333,0,0.197612,0.877743,0.0450336,-0.00864363,23.8254,8.77915e-05,0.00820028,0.90849,16389.2,0.497232,0.252531,-0.1,0.02,113.002,1.27795e+06,1.41465,0.708518,0.0350351,0.0104583,-3.07593,nan,0.072,0.03,5.8038,-0.0168816,-0.00162542,-6.81196e-05,-0.014,-0.294355,-0.0415276,-6.40932e-07
105,44.11,532.5,0.0872805,0.0416667,0.0416667,0.19774,0.873455,0.0589522,-0.00690604,23.801,8.77915e-05,0.00994198,0.907336,16474.8,0.486331,0.259533,-0.1,0.02,113.749,1.29024e+06,0.6632,0.383612,0.0267421,0.00475209,-1.65564,nan,0.0975,0.0315,2.86809,-0.00993403,-0.00219668,-0.000100562,-0.0045,-0.165835,-0.0316828,-4.11816e-07
106,87.8589,1000,0.0869884,0.25,0,0.198309,0.86342,0.0555915,-0.00930933,23.7793,8.77915e-05,0.0150878,0.906263,13133.1,0.584766,0.350887,-0.1,0.02,114.686,1.30253e+06,1.30969,0.744901,0.0351511,0.00625247,-2.98341,nan,0.073,0.024,5.53427,-0.0186569,-0.00190593,-9.81541e-05,-0.00183333,-0.283028,-0.0453832,-6.59893e-07
107,36.9372,520.5,0.0869367,0.0833333,0.0833333,0.203787,0.881405,0.0888055,-0.00980074,23.7572,8.77915e-05,0.0103542,0.905125,12589.4,0.685579,0.290482,-0.1,0.02,115.663,1.31482e+06,0.674613,0.379529,0.0298299,0.0084079,-1.5596,nan,0.0735,0.03225,2.39705,-0.0083863,-0.00146102,-0.00010109,-0.005,-0.14387,-0.0299031,-4.08932e-07
108,94.5035,1000,0.0884983,0.0833333,0,0.201134,0.883601,0.0645715,-0.0100402,23.7359,8.77915e-05,0.00977289,0.904185,14960.7,0.564412,0.256938,-0.1,0.02,116.486,1.3271e+06,1.35751,0.817658,0.034636,0.00446092,-3.05521,nan,0.096,0.0245,5.80576,-0.0201176,-0.00245086,-8.13977e-05,-0.0005,-0.293433,-0.0435572,-6.74215e-07
109,2.3588,60,0.0881806,0,0.0416667,0.198689,0.873034,0.0500107,-0.00928196,23.7182,8.77915e-05,0.00934883,0.903269,15898.7,0.515468,0.257424,-0.1,0.02,117.26,1.33939e+06,0.0245666,0.0237842,0.0287997,0.00780592,-0.183117,nan,0.054,0.021,0.188812,-0.003378,-0.000950345,-0.000148678,-0.009,-0.0175559,-0.016678,-1.6846e-07
110,nan,nan,0.0894307,0,0,0.193802,0.856879,0.0465426,-0.00824442,23.699,8.77915e-05,0.00973273,0.902331,16084,0.512951,0.251036,-0.1,0.02,118.025,1.35168e+06,nan,nan,nan,nan,nan,nan,nan,nan,nan,nan,nan,nan,nan,nan,nan,nan
111,55.0525,1000,0.0895727,0.0416667,0,0.192113,0.845932,0.0393094,-0.00712516,23.68,8.77915e-05,0.00867422,0.901272,16237.9,0.499508,0.25724,-0.1,0.02,118.783,1.36397e+06,1.0555,0.661997,0.0405595,0.00723901,-3.04015,nan,0.075,0.028,4.26934,-0.0132301,-0.0028874,-0.000282694,0,-0.290332,-0.0381314,-5.65405e-07
112,nan,nan,0.0897071,0,0,0.192898,0.850578,0.0443736,-0.00802811,23.6557,0.000131687,0.0042334,0.899902,16142.9,0.508402,0.252801,-0.1,0.02,119.546,1.37626e+06,nan,nan,nan,nan,nan,nan,nan,nan,nan,nan,nan,nan,nan,nan,nan,nan
113,nan,nan,0.0900467,0,0,0.190401,0.863486,0.0432429,-0.00865813,23.6224,0.000131687,0.0138261,0.898031,16239.9,0.499133,0.25752,-0.1,0.02,120.304,1.38854e+06,nan,nan,nan,nan,nan,nan,nan,nan,nan,nan,nan,nan,nan,nan,nan,nan
114,nan,nan,0.0901495,0,0,0.189213,0.841216,0.0427175,-0.00828401,23.5867,0.000131687,0.0128569,0.896305,15008.9,0.542617,0.276098,-0.1,0.02,121.124,1.40083e+06,nan,nan,nan,nan,nan,nan,nan,nan,nan,nan,nan,nan,nan,nan,nan,nan
115,nan,nan,0.0903753,0,0,0.190186,0.838523,0.0410924,-0.00760066,23.5526,0.000131687,0.0153532,0.894639,16447.6,0.496693,0.250409,-0.1,0.02,121.872,1.41312e+06,nan,nan,nan,nan,nan,nan,nan,nan,nan,nan,nan,nan,nan,nan,nan,nan
116,101.786,1000,0.0905563,0.0416667,0,0.189227,0.852586,0.0406942,-0.00851988,23.5198,0.000131687,0.0116002,0.893047,16433.4,0.493787,0.253957,-0.1,0.02,122.621,1.42541e+06,1.55834,0.839372,0.0195616,0.00333989,-2.93176,nan,0.048,0.017,5.90909,-0.0252936,-7.04153e-05,-5.57241e-05,-0.004,-0.306122,-0.0381318,-5.11938e-07
117,65.2708,1000,0.0909505,0.166667,0,0.189057,0.84101,0.0403341,-0.00986342,23.4859,0.000131687,0.0108815,0.891244,16161.7,0.508207,0.252107,-0.1,0.02,123.382,1.4377e+06,1.24468,0.825429,0.0306515,0.00676573,-3.00579,nan,0.08025,0.0275,4.44009,-0.016398,-0.00226105,-0.000133961,0,-0.327022,-0.0402224,-5.61536e-07
118,81.7843,1000,0.0912311,0.333333,0,0.189823,0.842191,0.0435501,-0.00927935,23.4505,0.000131687,0.0148682,0.889602,15973.7,0.517777,0.251489,-0.1,0.02,124.153,1.44998e+06,1.3214,0.777407,0.0264523,0.00614706,-2.98518,nan,0.081375,0.027875,5.21622,-0.0189279,-0.00213289,-0.000138975,-0.0015,-0.320992,-0.0387937,-5.95139e-07
119,76.7166,912.091,0.0902158,0.416667,0.0416667,0.194686,0.856798,0.0743308,-0.00990717,23.4197,0.000131687,0.0120377,0.88825,14775.8,0.565837,0.265791,-0.1,0.02,124.986,1.46227e+06,1.20534,0.70204,0.0319381,0.00623358,-2.71336,nan,0.0665455,0.0261818,4.85219,-0.0177995,-0.00151913,-8.04711e-05,-0.00254545,-0.283002,-0.0363302,-5.57293e-07
120,81.4012,879.625,0.090812,0.291667,0.0416667,0.196188,0.864174,0.0535952,-0.010762,23.3931,0.000131687,0.0100112,0.886898,15598,0.522553,0.265241,-0.1,0.02,125.775,1.47456e+06,1.17756,0.730892,0.0341991,0.00713578,-2.61182,nan,0.067125,0.02925,4.96343,-0.0172206,-0.0015494,-8.63389e-05,0,-0.273927,-0.0349269,-5.27909e-07
121,77.461,1000,0.0909451,0.666667,0,0.196287,0.852912,0.0552042,-0.0107702,23.3642,0.000131687,0.0122413,0.885534,15391.8,0.546667,0.251681,-0.1,0.02,126.575,1.48685e+06,1.41986,0.815927,0.0352234,0.00633109,-2.97196,nan,0.0759375,0.0243125,4.84242,-0.0167703,-0.00189265,-9.58481e-05,-0.0015625,-0.316853,-0.0378204,-5.71632e-07
122,74.0345,916.478,0.0895283,0.875,0.0833333,0.202936,0.880966,0.100727,-0.00997842,23.3401,0.000131687,0.0087707,0.884507,15514.3,0.530616,0.261429,-0.1,0.02,127.368,1.49914e+06,1.2033,0.725985,0.029625,0.00534778,-2.72667,nan,0.0709565,0.0302174,4.70596,-0.0170915,-0.00177804,-0.000108792,-0.000217391,-0.286799,-0.0369914,-5.39938e-07
123,75.1925,907.643,0.088259,1.58333,0.166667,0.207868,0.891982,0.121402,-0.00974467,23.322,0.000131687,0.0129911,0.883763,14596.9,0.584767,0.257053,-0.1,0.02,128.211,1.51142e+06,1.18229,0.710582,0.0329175,0.00514,-2.68196,nan,0.0666429,0.0263571,4.77066,-0.0176362,-0.00142347,-8.3418e-05,-0.000904762,-0.296543,-0.0364146,-5.479e-07
124,82.3743,938.468,0.0849176,1.83333,0.125,0.220653,0.93381,0.156643,-0.0112188,23.3082,0.000131687,0.0146356,0.883148,11584,0.676111,0.384659,-0.1,0.02,129.273,1.52371e+06,1.24639,0.744621,0.0296405,0.00444417,-2.7798,nan,0.078766,0.0274468,5.13192,-0.0180155,-0.00230038,-9.68497e-05,-0.00140426,-0.306061,-0.03684,-5.55488e-07
125,80.2816,919.111,0.084972,1.375,0.125,0.220796,0.926438,0.156409,-0.00982456,23.297,0.000131687,0.0127638,0.882667,9913.83,0.866465,0.373015,-0.1,0.02,130.515,1.536e+06,1.2239,0.739329,0.0328477,0.00494295,-2.70313,nan,0.072,0.0295278,4.97803,-0.018732,-0.00173575,-9.98122e-05,-0.000555556,-0.306321,-0.0359242,-5.42903e-07
126,81.2656,939.319,0.0831067,1.83333,0.125,0.223615,0.960893,0.133886,-0.0108974,23.2874,0.000131687,0.0172926,0.882252,11223.2,0.763185,0.33169,-0.1,0.02,131.611,1.54829e+06,1.23419,0.74863,0.0282815,0.00496513,-2.76601,nan,0.0744894,0.0268511,5.07621,-0.0182156,-0.00192288,-9.13317e-05,-0.00189362,-0.305674,-0.0365307,-5.45624e-07
127,84.8098,956.273,0.0838342,1.75,0.0833333,0.232367,0.974155,0.119781,-0.0122553,23.2771,0.000131687,0.0142706,0.881505,11420.1,0.774889,0.301105,-0.1,0.02,132.689,1.56058e+06,1.2882,0.784189,0.02835,0.00486984,-2.81144,nan,0.0770455,0.0262045,5.21714,-0.0184863,-0.00212816,-9.41703e-05,-0.000681818,-0.316784,-0.0358904,-5.51232e-07
128,78.1902,909.875,0.0847518,1.20833,0.125,0.225219,0.939455,0.125516,-0.0111833,23.2608,0.000131687,0.0131649,0.880836,9622.94,0.784374,0.492574,-0.1,0.02,133.967,1.57286e+06,1.23366,0.738405,0.0256605,0.00444613,-2.68367,nan,0.0703125,0.0227813,4.85576,-0.0182066,-0.001992,-8.03288e-05,-0.0009375,-0.301899,-0.0347298,-5.36043e-07
129,87.2909,958.13,0.0834028,1.83333,0.0833333,0.220934,0.942175,0.181105,-0.0110159,23.2498,0.000131687,0.0143898,0.880436,9887.82,0.857531,0.38521,-0.1,0.02,135.212,1.58515e+06,1.26471,0.768019,0.0265642,0.00450217,-2.79698,nan,0.0724565,0.0248261,5.38017,-0.0204377,-0.00192835,-7.7692e-05,-0.00117391,-0.32022,-0.0358938,-5.43698e-07
130,75.2378,851.487,0.0840034,1.375,0.25,0.229475,0.93982,0.227675,-0.00947816,23.2433,0.000131687,0.0129272,0.880136,8994.26,0.953517,0.412688,-0.1,0.02,136.579,1.59744e+06,1.09876,0.704332,0.0259557,0.00422801,-2.48749,nan,0.0665385,0.0220769,4.66715,-0.0181205,-0.00166798,-7.33437e-05,-0.000820513,-0.284846,-0.0341401,-5.11209e-07
131,71.0622,825.289,0.0843784,1.29167,0.291667,0.225557,0.926089,0.271004,-0.0105343,23.2369,0.000131687,0.0133262,0.879891,11044.2,0.728684,0.383938,-0.1,0.02,137.693,1.60973e+06,1.06119,0.666302,0.0271935,0.0043176,-2.40639,nan,0.0629211,0.0244737,4.44573,-0.0174683,-0.00154577,-7.92686e-05,-0.00173684,-0.279339,-0.0324613,-4.91089e-07
132,75.6968,853.636,0.0843766,1.16667,0.208333,0.225165,0.912754,0.163842,-0.0107141,23.2322,0.000131687,0.0135289,0.87958,9737.1,0.790373,0.471604,-0.1,0.02,138.957,1.62202e+06,1.06678,0.696266,0.0239335,0.00402965,-2.47271,nan,0.0636364,0.0211818,4.72906,-0.0184106,-0.00121713,-8.69834e-05,-0.00136364,-0.293405,-0.0328533,-4.93142e-07
133,71.364,839.033,0.0862292,1.04167,0.208333,0.216835,0.900744,0.193142,-0.0110149,23.2242,0.000131687,0.0166951,0.87914,9288.86,0.965068,0.357807,-0.1,0.02,140.282,1.6343e+06,1.1258,0.672888,0.022896,0.00395815,-2.43118,nan,0.0703,0.0212667,4.41937,-0.0159831,-0.00175575,-7.28752e-05,-0.00176667,-0.284849,-0.0326677,-4.90664e-07
